2025-11-25 08:22:11,085 [INFO] /home/samuel/workspace/healthcare_hub/retail_members/sync_members.py changed, reloading.
2025-11-25 08:22:13,749 [INFO] /home/samuel/workspace/healthcare_hub/healthcare_hub/settings.py changed, reloading.
2025-11-25 08:22:25,583 [ERROR] Exception while fetching Smart token: 401 Client Error: Unauthorized for url: https://data.smartapplicationsgroup.com/auth/integ-clients/oauth/token
Traceback (most recent call last):
  File "/home/samuel/workspace/healthcare_hub/retail_members/sync_members.py", line 23, in get_smart_token
    response.raise_for_status()
    ~~~~~~~~~~~~~~~~~~~~~~~~~^^
  File "/home/samuel/workspace/venv/lib/python3.13/site-packages/requests/models.py", line 1026, in raise_for_status
    raise HTTPError(http_error_msg, response=self)
requests.exceptions.HTTPError: 401 Client Error: Unauthorized for url: https://data.smartapplicationsgroup.com/auth/integ-clients/oauth/token
2025-11-25 08:22:29,270 [ERROR] Exception while fetching Smart token: 401 Client Error: Unauthorized for url: https://data.smartapplicationsgroup.com/auth/integ-clients/oauth/token
Traceback (most recent call last):
  File "/home/samuel/workspace/healthcare_hub/retail_members/sync_members.py", line 23, in get_smart_token
    response.raise_for_status()
    ~~~~~~~~~~~~~~~~~~~~~~~~~^^
  File "/home/samuel/workspace/venv/lib/python3.13/site-packages/requests/models.py", line 1026, in raise_for_status
    raise HTTPError(http_error_msg, response=self)
requests.exceptions.HTTPError: 401 Client Error: Unauthorized for url: https://data.smartapplicationsgroup.com/auth/integ-clients/oauth/token
2025-11-25 08:23:57,163 [INFO] /home/samuel/workspace/healthcare_hub/retail_members/views.py changed, reloading.
2025-11-25 08:24:01,917 [INFO] /home/samuel/workspace/healthcare_hub/retail_members/sync_members.py changed, reloading.
2025-11-25 08:24:08,195 [ERROR] Exception while fetching Smart token: 401 Client Error: Unauthorized for url: https://data.smartapplicationsgroup.com/auth/integ-clients/oauth/token
Traceback (most recent call last):
  File "/home/samuel/workspace/healthcare_hub/retail_members/sync_members.py", line 23, in get_smart_token
    response.raise_for_status()
    ~~~~~~~~~~~~~~~~~~~~~~~~~^^
  File "/home/samuel/workspace/venv/lib/python3.13/site-packages/requests/models.py", line 1026, in raise_for_status
    raise HTTPError(http_error_msg, response=self)
requests.exceptions.HTTPError: 401 Client Error: Unauthorized for url: https://data.smartapplicationsgroup.com/auth/integ-clients/oauth/token
2025-11-25 08:24:11,472 [ERROR] Exception while fetching Smart token: 401 Client Error: Unauthorized for url: https://data.smartapplicationsgroup.com/auth/integ-clients/oauth/token
Traceback (most recent call last):
  File "/home/samuel/workspace/healthcare_hub/retail_members/sync_members.py", line 23, in get_smart_token
    response.raise_for_status()
    ~~~~~~~~~~~~~~~~~~~~~~~~~^^
  File "/home/samuel/workspace/venv/lib/python3.13/site-packages/requests/models.py", line 1026, in raise_for_status
    raise HTTPError(http_error_msg, response=self)
requests.exceptions.HTTPError: 401 Client Error: Unauthorized for url: https://data.smartapplicationsgroup.com/auth/integ-clients/oauth/token
2025-11-25 08:25:22,573 [INFO] /home/samuel/workspace/healthcare_hub/retail_members/sync_members.py changed, reloading.
2025-11-25 08:25:44,053 [INFO] Smart token HTTP status: 401
2025-11-25 08:25:44,053 [INFO] Smart token response: {"message":"Invalid Credentials"}
2025-11-25 08:25:44,054 [ERROR] Exception while fetching Smart token: 401 Client Error: Unauthorized for url: https://data.smartapplicationsgroup.com/auth/integ-clients/oauth/token
Traceback (most recent call last):
  File "/home/samuel/workspace/healthcare_hub/retail_members/sync_members.py", line 27, in get_smart_token
    response.raise_for_status()
    ~~~~~~~~~~~~~~~~~~~~~~~~~^^
  File "/home/samuel/workspace/venv/lib/python3.13/site-packages/requests/models.py", line 1026, in raise_for_status
    raise HTTPError(http_error_msg, response=self)
requests.exceptions.HTTPError: 401 Client Error: Unauthorized for url: https://data.smartapplicationsgroup.com/auth/integ-clients/oauth/token
2025-11-25 08:27:01,627 [INFO] /home/samuel/workspace/healthcare_hub/retail_members/sync_members.py changed, reloading.
2025-11-25 08:27:07,194 [INFO] Smart token HTTP status: 401
2025-11-25 08:27:07,194 [INFO] Smart token response: {"message":"Invalid Credentials"}
2025-11-25 08:27:07,195 [ERROR] Exception while fetching Smart token: 401 Client Error: Unauthorized for url: https://data.smartapplicationsgroup.com/auth/integ-clients/oauth/token
Traceback (most recent call last):
  File "/home/samuel/workspace/healthcare_hub/retail_members/sync_members.py", line 27, in get_smart_token
    response.raise_for_status()
    ~~~~~~~~~~~~~~~~~~~~~~~~~^^
  File "/home/samuel/workspace/venv/lib/python3.13/site-packages/requests/models.py", line 1026, in raise_for_status
    raise HTTPError(http_error_msg, response=self)
requests.exceptions.HTTPError: 401 Client Error: Unauthorized for url: https://data.smartapplicationsgroup.com/auth/integ-clients/oauth/token
2025-11-25 08:29:24,869 [INFO] /home/samuel/workspace/healthcare_hub/retail_members/sync_members.py changed, reloading.
2025-11-25 08:29:33,223 [INFO] Smart token HTTP status: 401
2025-11-25 08:29:33,224 [INFO] Smart token response: {"message":"Invalid Credentials"}
2025-11-25 08:29:33,224 [ERROR] Exception while fetching Smart token: 401 Client Error: Unauthorized for url: https://data.smartapplicationsgroup.com/auth/integ-clients/oauth/token?grant_type=client_credentials&client_id=014201579620236822568101255&CLIENT_SECRET=UcvBlvJTKBggyppZzCJ97oGxJcw
Traceback (most recent call last):
  File "/home/samuel/workspace/healthcare_hub/retail_members/sync_members.py", line 85, in get_smart_token
    response.raise_for_status()
    ~~~~~~~~~~~~~~~~~~~~~~~~~^^
  File "/home/samuel/workspace/venv/lib/python3.13/site-packages/requests/models.py", line 1026, in raise_for_status
    raise HTTPError(http_error_msg, response=self)
requests.exceptions.HTTPError: 401 Client Error: Unauthorized for url: https://data.smartapplicationsgroup.com/auth/integ-clients/oauth/token?grant_type=client_credentials&client_id=014201579620236822568101255&CLIENT_SECRET=UcvBlvJTKBggyppZzCJ97oGxJcw
2025-11-25 08:29:49,503 [INFO] Smart token HTTP status: 401
2025-11-25 08:29:49,504 [INFO] Smart token response: {"message":"Invalid Credentials"}
2025-11-25 08:29:49,504 [ERROR] Exception while fetching Smart token: 401 Client Error: Unauthorized for url: https://data.smartapplicationsgroup.com/auth/integ-clients/oauth/token?grant_type=client_credentials&client_id=014201579620236822568101255&CLIENT_SECRET=UcvBlvJTKBggyppZzCJ97oGxJcw
Traceback (most recent call last):
  File "/home/samuel/workspace/healthcare_hub/retail_members/sync_members.py", line 85, in get_smart_token
    response.raise_for_status()
    ~~~~~~~~~~~~~~~~~~~~~~~~~^^
  File "/home/samuel/workspace/venv/lib/python3.13/site-packages/requests/models.py", line 1026, in raise_for_status
    raise HTTPError(http_error_msg, response=self)
requests.exceptions.HTTPError: 401 Client Error: Unauthorized for url: https://data.smartapplicationsgroup.com/auth/integ-clients/oauth/token?grant_type=client_credentials&client_id=014201579620236822568101255&CLIENT_SECRET=UcvBlvJTKBggyppZzCJ97oGxJcw
2025-11-25 08:33:35,210 [INFO] /home/samuel/workspace/healthcare_hub/retail_members/sync_members.py changed, reloading.
2025-11-25 08:33:47,234 [INFO] [Smart Token] HTTP 401: {"message":"Invalid Credentials"}
2025-11-25 08:33:47,235 [ERROR] [Smart Token] Exception while fetching token: 401 Client Error: Unauthorized for url: https://data.smartapplicationsgroup.com/auth/integ-clients/oauth/token?grant_type=client_credentials&client_id=014201579620236822568101255&CLIENT_SECRET=UcvBlvJTKBggyppZzCJ97oGxJcw
Traceback (most recent call last):
  File "/home/samuel/workspace/healthcare_hub/retail_members/sync_members.py", line 32, in get_smart_token
    response.raise_for_status()
    ~~~~~~~~~~~~~~~~~~~~~~~~~^^
  File "/home/samuel/workspace/venv/lib/python3.13/site-packages/requests/models.py", line 1026, in raise_for_status
    raise HTTPError(http_error_msg, response=self)
requests.exceptions.HTTPError: 401 Client Error: Unauthorized for url: https://data.smartapplicationsgroup.com/auth/integ-clients/oauth/token?grant_type=client_credentials&client_id=014201579620236822568101255&CLIENT_SECRET=UcvBlvJTKBggyppZzCJ97oGxJcw
2025-11-25 08:33:50,253 [INFO] [Smart Token] HTTP 401: {"message":"Invalid Credentials"}
2025-11-25 08:33:50,254 [ERROR] [Smart Token] Exception while fetching token: 401 Client Error: Unauthorized for url: https://data.smartapplicationsgroup.com/auth/integ-clients/oauth/token?grant_type=client_credentials&client_id=014201579620236822568101255&CLIENT_SECRET=UcvBlvJTKBggyppZzCJ97oGxJcw
Traceback (most recent call last):
  File "/home/samuel/workspace/healthcare_hub/retail_members/sync_members.py", line 32, in get_smart_token
    response.raise_for_status()
    ~~~~~~~~~~~~~~~~~~~~~~~~~^^
  File "/home/samuel/workspace/venv/lib/python3.13/site-packages/requests/models.py", line 1026, in raise_for_status
    raise HTTPError(http_error_msg, response=self)
requests.exceptions.HTTPError: 401 Client Error: Unauthorized for url: https://data.smartapplicationsgroup.com/auth/integ-clients/oauth/token?grant_type=client_credentials&client_id=014201579620236822568101255&CLIENT_SECRET=UcvBlvJTKBggyppZzCJ97oGxJcw
2025-11-25 08:37:13,085 [INFO] /home/samuel/workspace/healthcare_hub/retail_members/sync_members.py changed, reloading.
2025-11-25 08:37:15,774 [INFO] /home/samuel/workspace/healthcare_hub/healthcare_hub/settings.py changed, reloading.
2025-11-25 08:38:50,087 [INFO] [Smart Token] HTTP 200: {"access_token":"eyJhbGciOiJIUzM4NCJ9.eyJzdWIiOiI5MSIsImlhdCI6MTc2NDA0Njc4MywiZXhwIjoxNzY0MDU0MDAzLCJ1c2VySWQiOjkxLCJzY29wZSI6IlJFQURfV1JJVEUiLCJ1c2VyIjp7ImlkIjo5MSwidXNlcm5hbWUiOiI4Mzg5MzFiZS0yOTIxLTQ3ZTItYTAwZS0zNTZiODMzZGNlYzkiLCJmaXJzdE5hbWUiOiJNQURJU09OIEdFTkVSQUwgSU5TVVJBTkNFIEtFTllBIExJTUlURUQiLCJsYXN0TmFtZSI6bnVsbCwiZW1haWwiOm51bGwsInBob25lTnVtYmVyIjpudWxsLCJnZW5kZXIiOm51bGwsImRvYiI6bnVsbCwiY291bnRyeUNvZGUiOiJLRSIsImRldmljZU51bWJlciI6MTc1MDMyMDQ1MjI4MSwidXNlclN0YXR1cyI6bnVsbCwiZmlyZWJhc2VUb2tlbiI6bnVsbCwiaXNNb2JpbGVQcm9maWxlIjowLCJpc1dlYlByb2ZpbGUiOjAsInByb2ZpbGVQaWNQaG90byI6bnVsbCwiZGVmYXVsdEFwcElkIjpudWxsLCJkZWZhdWx0QXBwQ29kZSI6bnVsbCwiZGVmYXVsdEFwcE5hbWUiOm51bGwsInVzZXJSb2xlcyI6W119LCJjb3VudHJ5Q29kZSI6IktFIiwiY3VzdElkIjo2MTAwMDkxNCwidXNlckNvdW50cmllcyI6WyJLRSJdfQ.0DKgpsF86smFNNeX5vuykwGo7Ushuh5vwLuFDqoZa5szfqlRx9TWaHODuKTwNf0j","token_type":"bearer","expires_in":15673}
2025-11-25 08:40:11,802 [INFO] [Smart Token] HTTP 200: {"access_token":"eyJhbGciOiJIUzM4NCJ9.eyJzdWIiOiI5MSIsImlhdCI6MTc2NDA0Njc4MywiZXhwIjoxNzY0MDU0MDAzLCJ1c2VySWQiOjkxLCJzY29wZSI6IlJFQURfV1JJVEUiLCJ1c2VyIjp7ImlkIjo5MSwidXNlcm5hbWUiOiI4Mzg5MzFiZS0yOTIxLTQ3ZTItYTAwZS0zNTZiODMzZGNlYzkiLCJmaXJzdE5hbWUiOiJNQURJU09OIEdFTkVSQUwgSU5TVVJBTkNFIEtFTllBIExJTUlURUQiLCJsYXN0TmFtZSI6bnVsbCwiZW1haWwiOm51bGwsInBob25lTnVtYmVyIjpudWxsLCJnZW5kZXIiOm51bGwsImRvYiI6bnVsbCwiY291bnRyeUNvZGUiOiJLRSIsImRldmljZU51bWJlciI6MTc1MDMyMDQ1MjI4MSwidXNlclN0YXR1cyI6bnVsbCwiZmlyZWJhc2VUb2tlbiI6bnVsbCwiaXNNb2JpbGVQcm9maWxlIjowLCJpc1dlYlByb2ZpbGUiOjAsInByb2ZpbGVQaWNQaG90byI6bnVsbCwiZGVmYXVsdEFwcElkIjpudWxsLCJkZWZhdWx0QXBwQ29kZSI6bnVsbCwiZGVmYXVsdEFwcE5hbWUiOm51bGwsInVzZXJSb2xlcyI6W119LCJjb3VudHJ5Q29kZSI6IktFIiwiY3VzdElkIjo2MTAwMDkxNCwidXNlckNvdW50cmllcyI6WyJLRSJdfQ.0DKgpsF86smFNNeX5vuykwGo7Ushuh5vwLuFDqoZa5szfqlRx9TWaHODuKTwNf0j","token_type":"bearer","expires_in":15591}
2025-11-25 08:44:08,966 [INFO] [Smart Token] HTTP 401: {"message":"Invalid Credentials"}
2025-11-25 08:44:08,966 [ERROR] [Smart Token] Exception while fetching token: 401 Client Error: Unauthorized for url: https://data.smartapplicationsgroup.com/auth/integ-clients/oauth/token?grant_type=client_credentials&client_id=014201579620236822568101255&CLIENT_SECRET=UcvBlvJTKBggyppZzCJ97oGxJcw
Traceback (most recent call last):
  File "/home/samuel/workspace/healthcare_hub/retail_members/sync_members.py", line 33, in fetch_smart_token
    response.raise_for_status()
    ~~~~~~~~~~~~~~~~~~~~~~~~~^^
  File "/home/samuel/workspace/venv/lib/python3.13/site-packages/requests/models.py", line 1026, in raise_for_status
    raise HTTPError(http_error_msg, response=self)
requests.exceptions.HTTPError: 401 Client Error: Unauthorized for url: https://data.smartapplicationsgroup.com/auth/integ-clients/oauth/token?grant_type=client_credentials&client_id=014201579620236822568101255&CLIENT_SECRET=UcvBlvJTKBggyppZzCJ97oGxJcw
2025-11-25 08:45:52,182 [INFO] /home/samuel/workspace/healthcare_hub/retail_members/sync_members.py changed, reloading.
2025-11-25 08:46:09,175 [INFO] /home/samuel/workspace/healthcare_hub/retail_members/sync_members.py changed, reloading.
2025-11-25 08:46:16,966 [INFO] [Smart Token] HTTP 401: {"message":"Invalid Credentials"}
2025-11-25 08:46:16,966 [ERROR] [Smart Token] Exception while fetching token: 401 Client Error: Unauthorized for url: https://data.smartapplicationsgroup.com/auth/integ-clients/oauth/token?grant_type=client_credentials&client_id=014201579620236822568101255&client_secret=UcvBlvJTKBggyppZzCJ97oGxJcw
Traceback (most recent call last):
  File "/home/samuel/workspace/healthcare_hub/retail_members/sync_members.py", line 33, in fetch_smart_token
    response.raise_for_status()
    ~~~~~~~~~~~~~~~~~~~~~~~~~^^
  File "/home/samuel/workspace/venv/lib/python3.13/site-packages/requests/models.py", line 1026, in raise_for_status
    raise HTTPError(http_error_msg, response=self)
requests.exceptions.HTTPError: 401 Client Error: Unauthorized for url: https://data.smartapplicationsgroup.com/auth/integ-clients/oauth/token?grant_type=client_credentials&client_id=014201579620236822568101255&client_secret=UcvBlvJTKBggyppZzCJ97oGxJcw
2025-11-25 08:46:20,765 [INFO] [Smart Token] HTTP 401: {"message":"Invalid Credentials"}
2025-11-25 08:46:20,766 [ERROR] [Smart Token] Exception while fetching token: 401 Client Error: Unauthorized for url: https://data.smartapplicationsgroup.com/auth/integ-clients/oauth/token?grant_type=client_credentials&client_id=014201579620236822568101255&client_secret=UcvBlvJTKBggyppZzCJ97oGxJcw
Traceback (most recent call last):
  File "/home/samuel/workspace/healthcare_hub/retail_members/sync_members.py", line 33, in fetch_smart_token
    response.raise_for_status()
    ~~~~~~~~~~~~~~~~~~~~~~~~~^^
  File "/home/samuel/workspace/venv/lib/python3.13/site-packages/requests/models.py", line 1026, in raise_for_status
    raise HTTPError(http_error_msg, response=self)
requests.exceptions.HTTPError: 401 Client Error: Unauthorized for url: https://data.smartapplicationsgroup.com/auth/integ-clients/oauth/token?grant_type=client_credentials&client_id=014201579620236822568101255&client_secret=UcvBlvJTKBggyppZzCJ97oGxJcw
2025-11-25 08:47:14,417 [INFO] /home/samuel/workspace/healthcare_hub/retail_members/sync_members.py changed, reloading.
2025-11-25 08:47:20,407 [INFO] [Smart Token] HTTP 401: {"message":"Invalid Credentials"}
2025-11-25 08:47:20,407 [ERROR] [Smart Token] Exception while fetching token: 401 Client Error: Unauthorized for url: https://data.smartapplicationsgroup.com/auth/integ-clients/oauth/token?grant_type=client_credentials&client_id=014201579620236822568101255&client_secret=UcvBlvJTKBggyppZzCJ97oGxJcw
Traceback (most recent call last):
  File "/home/samuel/workspace/healthcare_hub/retail_members/sync_members.py", line 34, in fetch_smart_token
    response.raise_for_status()
    ~~~~~~~~~~~~~~~~~~~~~~~~~^^
  File "/home/samuel/workspace/venv/lib/python3.13/site-packages/requests/models.py", line 1026, in raise_for_status
    raise HTTPError(http_error_msg, response=self)
requests.exceptions.HTTPError: 401 Client Error: Unauthorized for url: https://data.smartapplicationsgroup.com/auth/integ-clients/oauth/token?grant_type=client_credentials&client_id=014201579620236822568101255&client_secret=UcvBlvJTKBggyppZzCJ97oGxJcw
2025-11-25 08:51:32,704 [INFO] /home/samuel/workspace/healthcare_hub/healthcare_hub/settings.py changed, reloading.
2025-11-25 08:51:49,171 [INFO] [Smart Token] HTTP 200: {"access_token":"eyJhbGciOiJIUzM4NCJ9.eyJzdWIiOiI5MSIsImlhdCI6MTc2NDA0Njc4MywiZXhwIjoxNzY0MDU0MDAzLCJ1c2VySWQiOjkxLCJzY29wZSI6IlJFQURfV1JJVEUiLCJ1c2VyIjp7ImlkIjo5MSwidXNlcm5hbWUiOiI4Mzg5MzFiZS0yOTIxLTQ3ZTItYTAwZS0zNTZiODMzZGNlYzkiLCJmaXJzdE5hbWUiOiJNQURJU09OIEdFTkVSQUwgSU5TVVJBTkNFIEtFTllBIExJTUlURUQiLCJsYXN0TmFtZSI6bnVsbCwiZW1haWwiOm51bGwsInBob25lTnVtYmVyIjpudWxsLCJnZW5kZXIiOm51bGwsImRvYiI6bnVsbCwiY291bnRyeUNvZGUiOiJLRSIsImRldmljZU51bWJlciI6MTc1MDMyMDQ1MjI4MSwidXNlclN0YXR1cyI6bnVsbCwiZmlyZWJhc2VUb2tlbiI6bnVsbCwiaXNNb2JpbGVQcm9maWxlIjowLCJpc1dlYlByb2ZpbGUiOjAsInByb2ZpbGVQaWNQaG90byI6bnVsbCwiZGVmYXVsdEFwcElkIjpudWxsLCJkZWZhdWx0QXBwQ29kZSI6bnVsbCwiZGVmYXVsdEFwcE5hbWUiOm51bGwsInVzZXJSb2xlcyI6W119LCJjb3VudHJ5Q29kZSI6IktFIiwiY3VzdElkIjo2MTAwMDkxNCwidXNlckNvdW50cmllcyI6WyJLRSJdfQ.0DKgpsF86smFNNeX5vuykwGo7Ushuh5vwLuFDqoZa5szfqlRx9TWaHODuKTwNf0j","token_type":"bearer","expires_in":14894}
2025-11-25 08:52:04,188 [ERROR] [HAIS] Exception fetching members: HTTPConnectionPool(host='192.168.100.164', port=80): Max retries exceeded with url: /aar/app/members/?consumer_key=mwambeyu.jnr%40gmail.com&consumer_secret=smart2020 (Caused by ConnectTimeoutError(<urllib3.connection.HTTPConnection object at 0x728b39154980>, 'Connection to 192.168.100.164 timed out. (connect timeout=15)'))
Traceback (most recent call last):
  File "/home/samuel/workspace/venv/lib/python3.13/site-packages/urllib3/connection.py", line 198, in _new_conn
    sock = connection.create_connection(
        (self._dns_host, self.port),
    ...<2 lines>...
        socket_options=self.socket_options,
    )
  File "/home/samuel/workspace/venv/lib/python3.13/site-packages/urllib3/util/connection.py", line 85, in create_connection
    raise err
  File "/home/samuel/workspace/venv/lib/python3.13/site-packages/urllib3/util/connection.py", line 73, in create_connection
    sock.connect(sa)
    ~~~~~~~~~~~~^^^^
TimeoutError: timed out

The above exception was the direct cause of the following exception:

Traceback (most recent call last):
  File "/home/samuel/workspace/venv/lib/python3.13/site-packages/urllib3/connectionpool.py", line 787, in urlopen
    response = self._make_request(
        conn,
    ...<10 lines>...
        **response_kw,
    )
  File "/home/samuel/workspace/venv/lib/python3.13/site-packages/urllib3/connectionpool.py", line 493, in _make_request
    conn.request(
    ~~~~~~~~~~~~^
        method,
        ^^^^^^^
    ...<6 lines>...
        enforce_content_length=enforce_content_length,
        ^^^^^^^^^^^^^^^^^^^^^^^^^^^^^^^^^^^^^^^^^^^^^^
    )
    ^
  File "/home/samuel/workspace/venv/lib/python3.13/site-packages/urllib3/connection.py", line 494, in request
    self.endheaders()
    ~~~~~~~~~~~~~~~^^
  File "/usr/lib/python3.13/http/client.py", line 1333, in endheaders
    self._send_output(message_body, encode_chunked=encode_chunked)
    ~~~~~~~~~~~~~~~~~^^^^^^^^^^^^^^^^^^^^^^^^^^^^^^^^^^^^^^^^^^^^^
  File "/usr/lib/python3.13/http/client.py", line 1093, in _send_output
    self.send(msg)
    ~~~~~~~~~^^^^^
  File "/usr/lib/python3.13/http/client.py", line 1037, in send
    self.connect()
    ~~~~~~~~~~~~^^
  File "/home/samuel/workspace/venv/lib/python3.13/site-packages/urllib3/connection.py", line 325, in connect
    self.sock = self._new_conn()
                ~~~~~~~~~~~~~~^^
  File "/home/samuel/workspace/venv/lib/python3.13/site-packages/urllib3/connection.py", line 207, in _new_conn
    raise ConnectTimeoutError(
    ...<2 lines>...
    ) from e
urllib3.exceptions.ConnectTimeoutError: (<urllib3.connection.HTTPConnection object at 0x728b39154980>, 'Connection to 192.168.100.164 timed out. (connect timeout=15)')

The above exception was the direct cause of the following exception:

Traceback (most recent call last):
  File "/home/samuel/workspace/venv/lib/python3.13/site-packages/requests/adapters.py", line 644, in send
    resp = conn.urlopen(
        method=request.method,
    ...<9 lines>...
        chunked=chunked,
    )
  File "/home/samuel/workspace/venv/lib/python3.13/site-packages/urllib3/connectionpool.py", line 841, in urlopen
    retries = retries.increment(
        method, url, error=new_e, _pool=self, _stacktrace=sys.exc_info()[2]
    )
  File "/home/samuel/workspace/venv/lib/python3.13/site-packages/urllib3/util/retry.py", line 519, in increment
    raise MaxRetryError(_pool, url, reason) from reason  # type: ignore[arg-type]
    ^^^^^^^^^^^^^^^^^^^^^^^^^^^^^^^^^^^^^^^^^^^^^^^^^^^
urllib3.exceptions.MaxRetryError: HTTPConnectionPool(host='192.168.100.164', port=80): Max retries exceeded with url: /aar/app/members/?consumer_key=mwambeyu.jnr%40gmail.com&consumer_secret=smart2020 (Caused by ConnectTimeoutError(<urllib3.connection.HTTPConnection object at 0x728b39154980>, 'Connection to 192.168.100.164 timed out. (connect timeout=15)'))

During handling of the above exception, another exception occurred:

Traceback (most recent call last):
  File "/home/samuel/workspace/healthcare_hub/retail_members/sync_members.py", line 58, in fetch_hais_members
    response = requests.post(settings.HAIS_API_BASE_URL, params=params, headers={"Content-Length": "0"}, timeout=15)
  File "/home/samuel/workspace/venv/lib/python3.13/site-packages/requests/api.py", line 115, in post
    return request("post", url, data=data, json=json, **kwargs)
  File "/home/samuel/workspace/venv/lib/python3.13/site-packages/requests/api.py", line 59, in request
    return session.request(method=method, url=url, **kwargs)
           ~~~~~~~~~~~~~~~^^^^^^^^^^^^^^^^^^^^^^^^^^^^^^^^^^
  File "/home/samuel/workspace/venv/lib/python3.13/site-packages/requests/sessions.py", line 589, in request
    resp = self.send(prep, **send_kwargs)
  File "/home/samuel/workspace/venv/lib/python3.13/site-packages/requests/sessions.py", line 703, in send
    r = adapter.send(request, **kwargs)
  File "/home/samuel/workspace/venv/lib/python3.13/site-packages/requests/adapters.py", line 665, in send
    raise ConnectTimeout(e, request=request)
requests.exceptions.ConnectTimeout: HTTPConnectionPool(host='192.168.100.164', port=80): Max retries exceeded with url: /aar/app/members/?consumer_key=mwambeyu.jnr%40gmail.com&consumer_secret=smart2020 (Caused by ConnectTimeoutError(<urllib3.connection.HTTPConnection object at 0x728b39154980>, 'Connection to 192.168.100.164 timed out. (connect timeout=15)'))
2025-11-25 14:32:21,281 [INFO] /home/samuel/workspace/healthcare_hub/retail_members/sync_members.py changed, reloading.
2025-11-25 14:34:11,078 [INFO] /home/samuel/workspace/healthcare_hub/retail_members/sync_members.py changed, reloading.
2025-11-25 14:45:25,331 [INFO] /home/samuel/workspace/healthcare_hub/retail_members/sync_members.py changed, reloading.
2025-11-25 14:45:28,271 [ERROR] Internal Server Error: /retail-members/api/remote-corporate/
2025-11-25 14:45:47,708 [INFO] /home/samuel/workspace/healthcare_hub/retail_members/sync_members.py changed, reloading.
2025-11-25 14:53:34,429 [INFO] /home/samuel/workspace/healthcare_hub/retail_members/sync_members.py changed, reloading.
2025-11-25 14:57:59,511 [INFO] /home/samuel/workspace/healthcare_hub/retail_members/sync_members.py changed, reloading.
2025-11-25 15:05:57,937 [INFO] /home/samuel/workspace/healthcare_hub/retail_members/sync_members.py changed, reloading.
2025-11-25 15:07:26,824 [INFO] /home/samuel/workspace/healthcare_hub/retail_members/sync_members.py changed, reloading.
2025-11-25 15:44:25,156 [ERROR] Internal Server Error: /retail-members/api/remote-corporate/
Traceback (most recent call last):
  File "/home/samuel/workspace/venv/lib/python3.13/site-packages/django/db/models/query.py", line 948, in get_or_create
    return self.get(**kwargs), False
           ~~~~~~~~^^^^^^^^^^
  File "/home/samuel/workspace/venv/lib/python3.13/site-packages/django/db/models/query.py", line 635, in get
    raise self.model.DoesNotExist(
        "%s matching query does not exist." % self.model._meta.object_name
    )
smart.models.Corporate.DoesNotExist: Corporate matching query does not exist.

During handling of the above exception, another exception occurred:

Traceback (most recent call last):
  File "/home/samuel/workspace/venv/lib/python3.13/site-packages/django/core/handlers/exception.py", line 55, in inner
    response = get_response(request)
  File "/home/samuel/workspace/venv/lib/python3.13/site-packages/django/core/handlers/base.py", line 197, in _get_response
    response = wrapped_callback(request, *callback_args, **callback_kwargs)
  File "/home/samuel/workspace/healthcare_hub/retail_members/sync_members.py", line 204, in remote_corporate_api
    corporate_obj, created = Corporate.objects.update_or_create(
                             ~~~~~~~~~~~~~~~~~~~~~~~~~~~~~~~~~~^
        clnCode=r.get("CORP_ID"),
        ^^^^^^^^^^^^^^^^^^^^^^^^^
    ...<17 lines>...
        }
        ^
    )
    ^
  File "/home/samuel/workspace/venv/lib/python3.13/site-packages/django/db/models/manager.py", line 87, in manager_method
    return getattr(self.get_queryset(), name)(*args, **kwargs)
           ~~~~~~~~~~~~~~~~~~~~~~~~~~~~~~~~~~^^^^^^^^^^^^^^^^^
  File "/home/samuel/workspace/venv/lib/python3.13/site-packages/django/db/models/query.py", line 990, in update_or_create
    obj, created = self.select_for_update().get_or_create(
                   ~~~~~~~~~~~~~~~~~~~~~~~~~~~~~~~~~~~~~~^
        create_defaults, **kwargs
        ^^^^^^^^^^^^^^^^^^^^^^^^^
    )
    ^
  File "/home/samuel/workspace/venv/lib/python3.13/site-packages/django/db/models/query.py", line 950, in get_or_create
    params = self._extract_model_params(defaults, **kwargs)
  File "/home/samuel/workspace/venv/lib/python3.13/site-packages/django/db/models/query.py", line 1048, in _extract_model_params
    raise exceptions.FieldError(
    ...<5 lines>...
    )
django.core.exceptions.FieldError: Invalid field name(s) for model Corporate: 'CountryCode'.
2025-11-25 15:45:17,979 [INFO] /home/samuel/workspace/healthcare_hub/retail_members/sync_members.py changed, reloading.
2025-11-25 15:46:00,087 [WARNING] Not Found: /
2025-11-25 15:48:23,459 [INFO] /home/samuel/workspace/healthcare_hub/smart/admin.py changed, reloading.
2025-11-26 11:17:18,111 [WARNING] Not Found: /
2025-11-26 11:17:18,170 [WARNING] Not Found: /favicon.ico
2025-11-26 11:17:24,556 [WARNING] Not Found: /smart/
2025-11-26 11:17:46,006 [ERROR] Internal Server Error: /smart/api/fetch_new_schemes/
Traceback (most recent call last):
  File "/home/samuel/workspace/venv/lib/python3.13/site-packages/django/core/handlers/exception.py", line 55, in inner
    response = get_response(request)
  File "/home/samuel/workspace/venv/lib/python3.13/site-packages/django/core/handlers/base.py", line 197, in _get_response
    response = wrapped_callback(request, *callback_args, **callback_kwargs)
TypeError: fetch_new_schemes() takes 0 positional arguments but 1 was given
2025-11-26 11:18:17,112 [INFO] /home/samuel/workspace/healthcare_hub/smart/schemes.py changed, reloading.
2025-11-26 12:54:02,921 [INFO] /home/samuel/workspace/healthcare_hub/smart/schemes.py changed, reloading.
2025-11-26 12:54:23,058 [INFO] /home/samuel/workspace/healthcare_hub/retail_members/sync_members.py changed, reloading.
2025-11-26 12:57:59,369 [INFO] /home/samuel/workspace/healthcare_hub/retail_members/email.py changed, reloading.
2025-11-26 12:59:15,150 [INFO] /home/samuel/workspace/healthcare_hub/retail_members/email.py changed, reloading.
2025-11-26 13:00:53,366 [INFO] /home/samuel/workspace/healthcare_hub/smart/schemes.py changed, reloading.
2025-11-26 13:02:30,553 [INFO] /home/samuel/workspace/healthcare_hub/smart/email.py changed, reloading.
2025-11-26 13:05:45,263 [INFO] /home/samuel/workspace/healthcare_hub/healthcare_hub/celery.py changed, reloading.
2025-11-26 13:05:54,171 [INFO] /home/samuel/workspace/healthcare_hub/healthcare_hub/celery.py changed, reloading.
2025-11-27 06:39:55,955 [INFO] [Smart Token] HTTP 200: {"access_token":"eyJhbGciOiJIUzM4NCJ9.eyJzdWIiOiI5MSIsImlhdCI6MTc2NDIxOTU4MiwiZXhwIjoxNzY0MjI2ODAyLCJ1c2VySWQiOjkxLCJzY29wZSI6IlJFQURfV1JJVEUiLCJ1c2VyIjp7ImlkIjo5MSwidXNlcm5hbWUiOiI4Mzg5MzFiZS0yOTIxLTQ3ZTItYTAwZS0zNTZiODMzZGNlYzkiLCJmaXJzdE5hbWUiOiJNQURJU09OIEdFTkVSQUwgSU5TVVJBTkNFIEtFTllBIExJTUlURUQiLCJsYXN0TmFtZSI6bnVsbCwiZW1haWwiOm51bGwsInBob25lTnVtYmVyIjpudWxsLCJnZW5kZXIiOm51bGwsImRvYiI6bnVsbCwiY291bnRyeUNvZGUiOiJLRSIsImRldmljZU51bWJlciI6MTc1MDMyMDQ1MjI4MSwidXNlclN0YXR1cyI6bnVsbCwiZmlyZWJhc2VUb2tlbiI6bnVsbCwiaXNNb2JpbGVQcm9maWxlIjowLCJpc1dlYlByb2ZpbGUiOjAsInByb2ZpbGVQaWNQaG90byI6bnVsbCwiZGVmYXVsdEFwcElkIjpudWxsLCJkZWZhdWx0QXBwQ29kZSI6bnVsbCwiZGVmYXVsdEFwcE5hbWUiOm51bGwsInVzZXJSb2xlcyI6W119LCJjb3VudHJ5Q29kZSI6IktFIiwiY3VzdElkIjo2MTAwMDkxNCwidXNlckNvdW50cmllcyI6WyJLRSJdfQ.0W-Irvdoki9UN_s3yuH4GF1UtPAg26xwiqU7sjfROGwQIi3CGxh4Rt1iny0oC4Kj","token_type":"bearer","expires_in":22806}
2025-11-27 06:40:29,837 [INFO] [Smart Token] HTTP 200: {"access_token":"eyJhbGciOiJIUzM4NCJ9.eyJzdWIiOiI5MSIsImlhdCI6MTc2NDIxOTU4MiwiZXhwIjoxNzY0MjI2ODAyLCJ1c2VySWQiOjkxLCJzY29wZSI6IlJFQURfV1JJVEUiLCJ1c2VyIjp7ImlkIjo5MSwidXNlcm5hbWUiOiI4Mzg5MzFiZS0yOTIxLTQ3ZTItYTAwZS0zNTZiODMzZGNlYzkiLCJmaXJzdE5hbWUiOiJNQURJU09OIEdFTkVSQUwgSU5TVVJBTkNFIEtFTllBIExJTUlURUQiLCJsYXN0TmFtZSI6bnVsbCwiZW1haWwiOm51bGwsInBob25lTnVtYmVyIjpudWxsLCJnZW5kZXIiOm51bGwsImRvYiI6bnVsbCwiY291bnRyeUNvZGUiOiJLRSIsImRldmljZU51bWJlciI6MTc1MDMyMDQ1MjI4MSwidXNlclN0YXR1cyI6bnVsbCwiZmlyZWJhc2VUb2tlbiI6bnVsbCwiaXNNb2JpbGVQcm9maWxlIjowLCJpc1dlYlByb2ZpbGUiOjAsInByb2ZpbGVQaWNQaG90byI6bnVsbCwiZGVmYXVsdEFwcElkIjpudWxsLCJkZWZhdWx0QXBwQ29kZSI6bnVsbCwiZGVmYXVsdEFwcE5hbWUiOm51bGwsInVzZXJSb2xlcyI6W119LCJjb3VudHJ5Q29kZSI6IktFIiwiY3VzdElkIjo2MTAwMDkxNCwidXNlckNvdW50cmllcyI6WyJLRSJdfQ.0W-Irvdoki9UN_s3yuH4GF1UtPAg26xwiqU7sjfROGwQIi3CGxh4Rt1iny0oC4Kj","token_type":"bearer","expires_in":22773}
2025-11-27 06:40:29,838 [INFO] [Smart Schemes API] Pushing scheme TEST/SCHEME/001/2025 to API
2025-11-27 06:40:30,305 [INFO] [Smart Schemes API] HTTP 400 for TEST/SCHEME/001/2025: {"successful":false,"status_msg":"CustomerId 482646589923456863549665 does not belong environment integqa not configured or does not belong to countryCode KE","id":"0","objectCode":null,"updated_rows":0,"error_type":"","errorCode":-1,"statusCode":"400","statusCodeType":"UNKNOWN_ERROR","statusCodeMsg":"Unknown error"}
2025-11-27 06:40:30,305 [ERROR] Request error for scheme TEST/SCHEME/001/2025: 400 Client Error: Bad Request for url: https://data.smartapplicationsgroup.com/api/v2/integqa/schemes?companyName=TEST+COMPANY+LTD&clnPolCode=TEST%2FSCHEME%2F001%2F2025&startDate=2025-01-01&endDate=2026-01-01&polTypeId=1&userId=test.user&countryCode=KE&policyCurrencyId=UGX&anniv=1&customerid=482646589923456863549665
2025-11-27 06:41:52,691 [INFO] [fetch_new_schemes] Starting scheme fetch and sync process
2025-11-27 06:41:52,765 [INFO] [fetch_new_schemes] Fetched 13 schemes from MSSQL
2025-11-27 06:41:52,785 [INFO] [fetch_new_schemes] Pushing scheme 7 to Smart API
2025-11-27 06:41:53,459 [INFO] [Smart Token] HTTP 200: {"access_token":"eyJhbGciOiJIUzM4NCJ9.eyJzdWIiOiI5MSIsImlhdCI6MTc2NDIxOTU4MiwiZXhwIjoxNzY0MjI2ODAyLCJ1c2VySWQiOjkxLCJzY29wZSI6IlJFQURfV1JJVEUiLCJ1c2VyIjp7ImlkIjo5MSwidXNlcm5hbWUiOiI4Mzg5MzFiZS0yOTIxLTQ3ZTItYTAwZS0zNTZiODMzZGNlYzkiLCJmaXJzdE5hbWUiOiJNQURJU09OIEdFTkVSQUwgSU5TVVJBTkNFIEtFTllBIExJTUlURUQiLCJsYXN0TmFtZSI6bnVsbCwiZW1haWwiOm51bGwsInBob25lTnVtYmVyIjpudWxsLCJnZW5kZXIiOm51bGwsImRvYiI6bnVsbCwiY291bnRyeUNvZGUiOiJLRSIsImRldmljZU51bWJlciI6MTc1MDMyMDQ1MjI4MSwidXNlclN0YXR1cyI6bnVsbCwiZmlyZWJhc2VUb2tlbiI6bnVsbCwiaXNNb2JpbGVQcm9maWxlIjowLCJpc1dlYlByb2ZpbGUiOjAsInByb2ZpbGVQaWNQaG90byI6bnVsbCwiZGVmYXVsdEFwcElkIjpudWxsLCJkZWZhdWx0QXBwQ29kZSI6bnVsbCwiZGVmYXVsdEFwcE5hbWUiOm51bGwsInVzZXJSb2xlcyI6W119LCJjb3VudHJ5Q29kZSI6IktFIiwiY3VzdElkIjo2MTAwMDkxNCwidXNlckNvdW50cmllcyI6WyJLRSJdfQ.0W-Irvdoki9UN_s3yuH4GF1UtPAg26xwiqU7sjfROGwQIi3CGxh4Rt1iny0oC4Kj","token_type":"bearer","expires_in":22689}
2025-11-27 06:41:53,463 [INFO] [Smart Schemes API] Pushing scheme 7 to API
2025-11-27 06:41:53,465 [ERROR] Unexpected error pushing scheme 7: Object of type Decimal is not JSON serializable
Traceback (most recent call last):
  File "/home/samuel/workspace/healthcare_hub/smart/schemes.py", line 80, in push_scheme_to_smart_api
    response = requests.post(
        url,
    ...<3 lines>...
        timeout=30
    )
  File "/home/samuel/workspace/venv/lib/python3.13/site-packages/requests/api.py", line 115, in post
    return request("post", url, data=data, json=json, **kwargs)
  File "/home/samuel/workspace/venv/lib/python3.13/site-packages/requests/api.py", line 59, in request
    return session.request(method=method, url=url, **kwargs)
           ~~~~~~~~~~~~~~~^^^^^^^^^^^^^^^^^^^^^^^^^^^^^^^^^^
  File "/home/samuel/workspace/venv/lib/python3.13/site-packages/requests/sessions.py", line 575, in request
    prep = self.prepare_request(req)
  File "/home/samuel/workspace/venv/lib/python3.13/site-packages/requests/sessions.py", line 484, in prepare_request
    p.prepare(
    ~~~~~~~~~^
        method=request.method.upper(),
        ^^^^^^^^^^^^^^^^^^^^^^^^^^^^^^
    ...<10 lines>...
        hooks=merge_hooks(request.hooks, self.hooks),
        ^^^^^^^^^^^^^^^^^^^^^^^^^^^^^^^^^^^^^^^^^^^^^
    )
    ^
  File "/home/samuel/workspace/venv/lib/python3.13/site-packages/requests/models.py", line 370, in prepare
    self.prepare_body(data, files, json)
    ~~~~~~~~~~~~~~~~~^^^^^^^^^^^^^^^^^^^
  File "/home/samuel/workspace/venv/lib/python3.13/site-packages/requests/models.py", line 510, in prepare_body
    body = complexjson.dumps(json, allow_nan=False)
  File "/usr/lib/python3.13/json/__init__.py", line 238, in dumps
    **kw).encode(obj)
          ~~~~~~^^^^^
  File "/usr/lib/python3.13/json/encoder.py", line 200, in encode
    chunks = self.iterencode(o, _one_shot=True)
  File "/usr/lib/python3.13/json/encoder.py", line 261, in iterencode
    return _iterencode(o, 0)
  File "/usr/lib/python3.13/json/encoder.py", line 180, in default
    raise TypeError(f'Object of type {o.__class__.__name__} '
                    f'is not JSON serializable')
TypeError: Object of type Decimal is not JSON serializable
2025-11-27 06:41:53,479 [ERROR] [fetch_new_schemes] Failed to sync scheme 7: Unexpected error pushing scheme 7: Object of type Decimal is not JSON serializable
2025-11-27 06:41:53,488 [INFO] [fetch_new_schemes] Pushing scheme 7 to Smart API
2025-11-27 06:41:54,278 [INFO] [Smart Token] HTTP 200: {"access_token":"eyJhbGciOiJIUzM4NCJ9.eyJzdWIiOiI5MSIsImlhdCI6MTc2NDIxOTU4MiwiZXhwIjoxNzY0MjI2ODAyLCJ1c2VySWQiOjkxLCJzY29wZSI6IlJFQURfV1JJVEUiLCJ1c2VyIjp7ImlkIjo5MSwidXNlcm5hbWUiOiI4Mzg5MzFiZS0yOTIxLTQ3ZTItYTAwZS0zNTZiODMzZGNlYzkiLCJmaXJzdE5hbWUiOiJNQURJU09OIEdFTkVSQUwgSU5TVVJBTkNFIEtFTllBIExJTUlURUQiLCJsYXN0TmFtZSI6bnVsbCwiZW1haWwiOm51bGwsInBob25lTnVtYmVyIjpudWxsLCJnZW5kZXIiOm51bGwsImRvYiI6bnVsbCwiY291bnRyeUNvZGUiOiJLRSIsImRldmljZU51bWJlciI6MTc1MDMyMDQ1MjI4MSwidXNlclN0YXR1cyI6bnVsbCwiZmlyZWJhc2VUb2tlbiI6bnVsbCwiaXNNb2JpbGVQcm9maWxlIjowLCJpc1dlYlByb2ZpbGUiOjAsInByb2ZpbGVQaWNQaG90byI6bnVsbCwiZGVmYXVsdEFwcElkIjpudWxsLCJkZWZhdWx0QXBwQ29kZSI6bnVsbCwiZGVmYXVsdEFwcE5hbWUiOm51bGwsInVzZXJSb2xlcyI6W119LCJjb3VudHJ5Q29kZSI6IktFIiwiY3VzdElkIjo2MTAwMDkxNCwidXNlckNvdW50cmllcyI6WyJLRSJdfQ.0W-Irvdoki9UN_s3yuH4GF1UtPAg26xwiqU7sjfROGwQIi3CGxh4Rt1iny0oC4Kj","token_type":"bearer","expires_in":22688}
2025-11-27 06:41:54,279 [INFO] [Smart Schemes API] Pushing scheme 7 to API
2025-11-27 06:41:54,280 [ERROR] Unexpected error pushing scheme 7: Object of type Decimal is not JSON serializable
Traceback (most recent call last):
  File "/home/samuel/workspace/healthcare_hub/smart/schemes.py", line 80, in push_scheme_to_smart_api
    response = requests.post(
        url,
    ...<3 lines>...
        timeout=30
    )
  File "/home/samuel/workspace/venv/lib/python3.13/site-packages/requests/api.py", line 115, in post
    return request("post", url, data=data, json=json, **kwargs)
  File "/home/samuel/workspace/venv/lib/python3.13/site-packages/requests/api.py", line 59, in request
    return session.request(method=method, url=url, **kwargs)
           ~~~~~~~~~~~~~~~^^^^^^^^^^^^^^^^^^^^^^^^^^^^^^^^^^
  File "/home/samuel/workspace/venv/lib/python3.13/site-packages/requests/sessions.py", line 575, in request
    prep = self.prepare_request(req)
  File "/home/samuel/workspace/venv/lib/python3.13/site-packages/requests/sessions.py", line 484, in prepare_request
    p.prepare(
    ~~~~~~~~~^
        method=request.method.upper(),
        ^^^^^^^^^^^^^^^^^^^^^^^^^^^^^^
    ...<10 lines>...
        hooks=merge_hooks(request.hooks, self.hooks),
        ^^^^^^^^^^^^^^^^^^^^^^^^^^^^^^^^^^^^^^^^^^^^^
    )
    ^
  File "/home/samuel/workspace/venv/lib/python3.13/site-packages/requests/models.py", line 370, in prepare
    self.prepare_body(data, files, json)
    ~~~~~~~~~~~~~~~~~^^^^^^^^^^^^^^^^^^^
  File "/home/samuel/workspace/venv/lib/python3.13/site-packages/requests/models.py", line 510, in prepare_body
    body = complexjson.dumps(json, allow_nan=False)
  File "/usr/lib/python3.13/json/__init__.py", line 238, in dumps
    **kw).encode(obj)
          ~~~~~~^^^^^
  File "/usr/lib/python3.13/json/encoder.py", line 200, in encode
    chunks = self.iterencode(o, _one_shot=True)
  File "/usr/lib/python3.13/json/encoder.py", line 261, in iterencode
    return _iterencode(o, 0)
  File "/usr/lib/python3.13/json/encoder.py", line 180, in default
    raise TypeError(f'Object of type {o.__class__.__name__} '
                    f'is not JSON serializable')
TypeError: Object of type Decimal is not JSON serializable
2025-11-27 06:41:54,281 [ERROR] [fetch_new_schemes] Failed to sync scheme 7: Unexpected error pushing scheme 7: Object of type Decimal is not JSON serializable
2025-11-27 06:41:54,283 [INFO] [fetch_new_schemes] Pushing scheme 6 to Smart API
2025-11-27 06:41:54,893 [INFO] [Smart Token] HTTP 200: {"access_token":"eyJhbGciOiJIUzM4NCJ9.eyJzdWIiOiI5MSIsImlhdCI6MTc2NDIxOTU4MiwiZXhwIjoxNzY0MjI2ODAyLCJ1c2VySWQiOjkxLCJzY29wZSI6IlJFQURfV1JJVEUiLCJ1c2VyIjp7ImlkIjo5MSwidXNlcm5hbWUiOiI4Mzg5MzFiZS0yOTIxLTQ3ZTItYTAwZS0zNTZiODMzZGNlYzkiLCJmaXJzdE5hbWUiOiJNQURJU09OIEdFTkVSQUwgSU5TVVJBTkNFIEtFTllBIExJTUlURUQiLCJsYXN0TmFtZSI6bnVsbCwiZW1haWwiOm51bGwsInBob25lTnVtYmVyIjpudWxsLCJnZW5kZXIiOm51bGwsImRvYiI6bnVsbCwiY291bnRyeUNvZGUiOiJLRSIsImRldmljZU51bWJlciI6MTc1MDMyMDQ1MjI4MSwidXNlclN0YXR1cyI6bnVsbCwiZmlyZWJhc2VUb2tlbiI6bnVsbCwiaXNNb2JpbGVQcm9maWxlIjowLCJpc1dlYlByb2ZpbGUiOjAsInByb2ZpbGVQaWNQaG90byI6bnVsbCwiZGVmYXVsdEFwcElkIjpudWxsLCJkZWZhdWx0QXBwQ29kZSI6bnVsbCwiZGVmYXVsdEFwcE5hbWUiOm51bGwsInVzZXJSb2xlcyI6W119LCJjb3VudHJ5Q29kZSI6IktFIiwiY3VzdElkIjo2MTAwMDkxNCwidXNlckNvdW50cmllcyI6WyJLRSJdfQ.0W-Irvdoki9UN_s3yuH4GF1UtPAg26xwiqU7sjfROGwQIi3CGxh4Rt1iny0oC4Kj","token_type":"bearer","expires_in":22688}
2025-11-27 06:41:54,898 [INFO] [Smart Schemes API] Pushing scheme 6 to API
2025-11-27 06:41:54,900 [ERROR] Unexpected error pushing scheme 6: Object of type Decimal is not JSON serializable
Traceback (most recent call last):
  File "/home/samuel/workspace/healthcare_hub/smart/schemes.py", line 80, in push_scheme_to_smart_api
    response = requests.post(
        url,
    ...<3 lines>...
        timeout=30
    )
  File "/home/samuel/workspace/venv/lib/python3.13/site-packages/requests/api.py", line 115, in post
    return request("post", url, data=data, json=json, **kwargs)
  File "/home/samuel/workspace/venv/lib/python3.13/site-packages/requests/api.py", line 59, in request
    return session.request(method=method, url=url, **kwargs)
           ~~~~~~~~~~~~~~~^^^^^^^^^^^^^^^^^^^^^^^^^^^^^^^^^^
  File "/home/samuel/workspace/venv/lib/python3.13/site-packages/requests/sessions.py", line 575, in request
    prep = self.prepare_request(req)
  File "/home/samuel/workspace/venv/lib/python3.13/site-packages/requests/sessions.py", line 484, in prepare_request
    p.prepare(
    ~~~~~~~~~^
        method=request.method.upper(),
        ^^^^^^^^^^^^^^^^^^^^^^^^^^^^^^
    ...<10 lines>...
        hooks=merge_hooks(request.hooks, self.hooks),
        ^^^^^^^^^^^^^^^^^^^^^^^^^^^^^^^^^^^^^^^^^^^^^
    )
    ^
  File "/home/samuel/workspace/venv/lib/python3.13/site-packages/requests/models.py", line 370, in prepare
    self.prepare_body(data, files, json)
    ~~~~~~~~~~~~~~~~~^^^^^^^^^^^^^^^^^^^
  File "/home/samuel/workspace/venv/lib/python3.13/site-packages/requests/models.py", line 510, in prepare_body
    body = complexjson.dumps(json, allow_nan=False)
  File "/usr/lib/python3.13/json/__init__.py", line 238, in dumps
    **kw).encode(obj)
          ~~~~~~^^^^^
  File "/usr/lib/python3.13/json/encoder.py", line 200, in encode
    chunks = self.iterencode(o, _one_shot=True)
  File "/usr/lib/python3.13/json/encoder.py", line 261, in iterencode
    return _iterencode(o, 0)
  File "/usr/lib/python3.13/json/encoder.py", line 180, in default
    raise TypeError(f'Object of type {o.__class__.__name__} '
                    f'is not JSON serializable')
TypeError: Object of type Decimal is not JSON serializable
2025-11-27 06:41:54,910 [ERROR] [fetch_new_schemes] Failed to sync scheme 6: Unexpected error pushing scheme 6: Object of type Decimal is not JSON serializable
2025-11-27 06:41:54,918 [INFO] [fetch_new_schemes] Pushing scheme 6 to Smart API
2025-11-27 06:41:55,586 [INFO] [Smart Token] HTTP 200: {"access_token":"eyJhbGciOiJIUzM4NCJ9.eyJzdWIiOiI5MSIsImlhdCI6MTc2NDIxOTU4MiwiZXhwIjoxNzY0MjI2ODAyLCJ1c2VySWQiOjkxLCJzY29wZSI6IlJFQURfV1JJVEUiLCJ1c2VyIjp7ImlkIjo5MSwidXNlcm5hbWUiOiI4Mzg5MzFiZS0yOTIxLTQ3ZTItYTAwZS0zNTZiODMzZGNlYzkiLCJmaXJzdE5hbWUiOiJNQURJU09OIEdFTkVSQUwgSU5TVVJBTkNFIEtFTllBIExJTUlURUQiLCJsYXN0TmFtZSI6bnVsbCwiZW1haWwiOm51bGwsInBob25lTnVtYmVyIjpudWxsLCJnZW5kZXIiOm51bGwsImRvYiI6bnVsbCwiY291bnRyeUNvZGUiOiJLRSIsImRldmljZU51bWJlciI6MTc1MDMyMDQ1MjI4MSwidXNlclN0YXR1cyI6bnVsbCwiZmlyZWJhc2VUb2tlbiI6bnVsbCwiaXNNb2JpbGVQcm9maWxlIjowLCJpc1dlYlByb2ZpbGUiOjAsInByb2ZpbGVQaWNQaG90byI6bnVsbCwiZGVmYXVsdEFwcElkIjpudWxsLCJkZWZhdWx0QXBwQ29kZSI6bnVsbCwiZGVmYXVsdEFwcE5hbWUiOm51bGwsInVzZXJSb2xlcyI6W119LCJjb3VudHJ5Q29kZSI6IktFIiwiY3VzdElkIjo2MTAwMDkxNCwidXNlckNvdW50cmllcyI6WyJLRSJdfQ.0W-Irvdoki9UN_s3yuH4GF1UtPAg26xwiqU7sjfROGwQIi3CGxh4Rt1iny0oC4Kj","token_type":"bearer","expires_in":22687}
2025-11-27 06:41:55,588 [INFO] [Smart Schemes API] Pushing scheme 6 to API
2025-11-27 06:41:55,588 [ERROR] Unexpected error pushing scheme 6: Object of type Decimal is not JSON serializable
Traceback (most recent call last):
  File "/home/samuel/workspace/healthcare_hub/smart/schemes.py", line 80, in push_scheme_to_smart_api
    response = requests.post(
        url,
    ...<3 lines>...
        timeout=30
    )
  File "/home/samuel/workspace/venv/lib/python3.13/site-packages/requests/api.py", line 115, in post
    return request("post", url, data=data, json=json, **kwargs)
  File "/home/samuel/workspace/venv/lib/python3.13/site-packages/requests/api.py", line 59, in request
    return session.request(method=method, url=url, **kwargs)
           ~~~~~~~~~~~~~~~^^^^^^^^^^^^^^^^^^^^^^^^^^^^^^^^^^
  File "/home/samuel/workspace/venv/lib/python3.13/site-packages/requests/sessions.py", line 575, in request
    prep = self.prepare_request(req)
  File "/home/samuel/workspace/venv/lib/python3.13/site-packages/requests/sessions.py", line 484, in prepare_request
    p.prepare(
    ~~~~~~~~~^
        method=request.method.upper(),
        ^^^^^^^^^^^^^^^^^^^^^^^^^^^^^^
    ...<10 lines>...
        hooks=merge_hooks(request.hooks, self.hooks),
        ^^^^^^^^^^^^^^^^^^^^^^^^^^^^^^^^^^^^^^^^^^^^^
    )
    ^
  File "/home/samuel/workspace/venv/lib/python3.13/site-packages/requests/models.py", line 370, in prepare
    self.prepare_body(data, files, json)
    ~~~~~~~~~~~~~~~~~^^^^^^^^^^^^^^^^^^^
  File "/home/samuel/workspace/venv/lib/python3.13/site-packages/requests/models.py", line 510, in prepare_body
    body = complexjson.dumps(json, allow_nan=False)
  File "/usr/lib/python3.13/json/__init__.py", line 238, in dumps
    **kw).encode(obj)
          ~~~~~~^^^^^
  File "/usr/lib/python3.13/json/encoder.py", line 200, in encode
    chunks = self.iterencode(o, _one_shot=True)
  File "/usr/lib/python3.13/json/encoder.py", line 261, in iterencode
    return _iterencode(o, 0)
  File "/usr/lib/python3.13/json/encoder.py", line 180, in default
    raise TypeError(f'Object of type {o.__class__.__name__} '
                    f'is not JSON serializable')
TypeError: Object of type Decimal is not JSON serializable
2025-11-27 06:41:55,590 [ERROR] [fetch_new_schemes] Failed to sync scheme 6: Unexpected error pushing scheme 6: Object of type Decimal is not JSON serializable
2025-11-27 06:41:55,592 [INFO] [fetch_new_schemes] Pushing scheme 6 to Smart API
2025-11-27 06:41:57,151 [INFO] [Smart Token] HTTP 200: {"access_token":"eyJhbGciOiJIUzM4NCJ9.eyJzdWIiOiI5MSIsImlhdCI6MTc2NDIxOTU4MiwiZXhwIjoxNzY0MjI2ODAyLCJ1c2VySWQiOjkxLCJzY29wZSI6IlJFQURfV1JJVEUiLCJ1c2VyIjp7ImlkIjo5MSwidXNlcm5hbWUiOiI4Mzg5MzFiZS0yOTIxLTQ3ZTItYTAwZS0zNTZiODMzZGNlYzkiLCJmaXJzdE5hbWUiOiJNQURJU09OIEdFTkVSQUwgSU5TVVJBTkNFIEtFTllBIExJTUlURUQiLCJsYXN0TmFtZSI6bnVsbCwiZW1haWwiOm51bGwsInBob25lTnVtYmVyIjpudWxsLCJnZW5kZXIiOm51bGwsImRvYiI6bnVsbCwiY291bnRyeUNvZGUiOiJLRSIsImRldmljZU51bWJlciI6MTc1MDMyMDQ1MjI4MSwidXNlclN0YXR1cyI6bnVsbCwiZmlyZWJhc2VUb2tlbiI6bnVsbCwiaXNNb2JpbGVQcm9maWxlIjowLCJpc1dlYlByb2ZpbGUiOjAsInByb2ZpbGVQaWNQaG90byI6bnVsbCwiZGVmYXVsdEFwcElkIjpudWxsLCJkZWZhdWx0QXBwQ29kZSI6bnVsbCwiZGVmYXVsdEFwcE5hbWUiOm51bGwsInVzZXJSb2xlcyI6W119LCJjb3VudHJ5Q29kZSI6IktFIiwiY3VzdElkIjo2MTAwMDkxNCwidXNlckNvdW50cmllcyI6WyJLRSJdfQ.0W-Irvdoki9UN_s3yuH4GF1UtPAg26xwiqU7sjfROGwQIi3CGxh4Rt1iny0oC4Kj","token_type":"bearer","expires_in":22685}
2025-11-27 06:41:57,156 [INFO] [Smart Schemes API] Pushing scheme 6 to API
2025-11-27 06:41:57,158 [ERROR] Unexpected error pushing scheme 6: Object of type Decimal is not JSON serializable
Traceback (most recent call last):
  File "/home/samuel/workspace/healthcare_hub/smart/schemes.py", line 80, in push_scheme_to_smart_api
    response = requests.post(
        url,
    ...<3 lines>...
        timeout=30
    )
  File "/home/samuel/workspace/venv/lib/python3.13/site-packages/requests/api.py", line 115, in post
    return request("post", url, data=data, json=json, **kwargs)
  File "/home/samuel/workspace/venv/lib/python3.13/site-packages/requests/api.py", line 59, in request
    return session.request(method=method, url=url, **kwargs)
           ~~~~~~~~~~~~~~~^^^^^^^^^^^^^^^^^^^^^^^^^^^^^^^^^^
  File "/home/samuel/workspace/venv/lib/python3.13/site-packages/requests/sessions.py", line 575, in request
    prep = self.prepare_request(req)
  File "/home/samuel/workspace/venv/lib/python3.13/site-packages/requests/sessions.py", line 484, in prepare_request
    p.prepare(
    ~~~~~~~~~^
        method=request.method.upper(),
        ^^^^^^^^^^^^^^^^^^^^^^^^^^^^^^
    ...<10 lines>...
        hooks=merge_hooks(request.hooks, self.hooks),
        ^^^^^^^^^^^^^^^^^^^^^^^^^^^^^^^^^^^^^^^^^^^^^
    )
    ^
  File "/home/samuel/workspace/venv/lib/python3.13/site-packages/requests/models.py", line 370, in prepare
    self.prepare_body(data, files, json)
    ~~~~~~~~~~~~~~~~~^^^^^^^^^^^^^^^^^^^
  File "/home/samuel/workspace/venv/lib/python3.13/site-packages/requests/models.py", line 510, in prepare_body
    body = complexjson.dumps(json, allow_nan=False)
  File "/usr/lib/python3.13/json/__init__.py", line 238, in dumps
    **kw).encode(obj)
          ~~~~~~^^^^^
  File "/usr/lib/python3.13/json/encoder.py", line 200, in encode
    chunks = self.iterencode(o, _one_shot=True)
  File "/usr/lib/python3.13/json/encoder.py", line 261, in iterencode
    return _iterencode(o, 0)
  File "/usr/lib/python3.13/json/encoder.py", line 180, in default
    raise TypeError(f'Object of type {o.__class__.__name__} '
                    f'is not JSON serializable')
TypeError: Object of type Decimal is not JSON serializable
2025-11-27 06:41:57,166 [ERROR] [fetch_new_schemes] Failed to sync scheme 6: Unexpected error pushing scheme 6: Object of type Decimal is not JSON serializable
2025-11-27 06:41:57,173 [INFO] [fetch_new_schemes] Pushing scheme 6 to Smart API
2025-11-27 06:41:57,728 [INFO] [Smart Token] HTTP 200: {"access_token":"eyJhbGciOiJIUzM4NCJ9.eyJzdWIiOiI5MSIsImlhdCI6MTc2NDIxOTU4MiwiZXhwIjoxNzY0MjI2ODAyLCJ1c2VySWQiOjkxLCJzY29wZSI6IlJFQURfV1JJVEUiLCJ1c2VyIjp7ImlkIjo5MSwidXNlcm5hbWUiOiI4Mzg5MzFiZS0yOTIxLTQ3ZTItYTAwZS0zNTZiODMzZGNlYzkiLCJmaXJzdE5hbWUiOiJNQURJU09OIEdFTkVSQUwgSU5TVVJBTkNFIEtFTllBIExJTUlURUQiLCJsYXN0TmFtZSI6bnVsbCwiZW1haWwiOm51bGwsInBob25lTnVtYmVyIjpudWxsLCJnZW5kZXIiOm51bGwsImRvYiI6bnVsbCwiY291bnRyeUNvZGUiOiJLRSIsImRldmljZU51bWJlciI6MTc1MDMyMDQ1MjI4MSwidXNlclN0YXR1cyI6bnVsbCwiZmlyZWJhc2VUb2tlbiI6bnVsbCwiaXNNb2JpbGVQcm9maWxlIjowLCJpc1dlYlByb2ZpbGUiOjAsInByb2ZpbGVQaWNQaG90byI6bnVsbCwiZGVmYXVsdEFwcElkIjpudWxsLCJkZWZhdWx0QXBwQ29kZSI6bnVsbCwiZGVmYXVsdEFwcE5hbWUiOm51bGwsInVzZXJSb2xlcyI6W119LCJjb3VudHJ5Q29kZSI6IktFIiwiY3VzdElkIjo2MTAwMDkxNCwidXNlckNvdW50cmllcyI6WyJLRSJdfQ.0W-Irvdoki9UN_s3yuH4GF1UtPAg26xwiqU7sjfROGwQIi3CGxh4Rt1iny0oC4Kj","token_type":"bearer","expires_in":22685}
2025-11-27 06:41:57,732 [INFO] [Smart Schemes API] Pushing scheme 6 to API
2025-11-27 06:41:57,734 [ERROR] Unexpected error pushing scheme 6: Object of type Decimal is not JSON serializable
Traceback (most recent call last):
  File "/home/samuel/workspace/healthcare_hub/smart/schemes.py", line 80, in push_scheme_to_smart_api
    response = requests.post(
        url,
    ...<3 lines>...
        timeout=30
    )
  File "/home/samuel/workspace/venv/lib/python3.13/site-packages/requests/api.py", line 115, in post
    return request("post", url, data=data, json=json, **kwargs)
  File "/home/samuel/workspace/venv/lib/python3.13/site-packages/requests/api.py", line 59, in request
    return session.request(method=method, url=url, **kwargs)
           ~~~~~~~~~~~~~~~^^^^^^^^^^^^^^^^^^^^^^^^^^^^^^^^^^
  File "/home/samuel/workspace/venv/lib/python3.13/site-packages/requests/sessions.py", line 575, in request
    prep = self.prepare_request(req)
  File "/home/samuel/workspace/venv/lib/python3.13/site-packages/requests/sessions.py", line 484, in prepare_request
    p.prepare(
    ~~~~~~~~~^
        method=request.method.upper(),
        ^^^^^^^^^^^^^^^^^^^^^^^^^^^^^^
    ...<10 lines>...
        hooks=merge_hooks(request.hooks, self.hooks),
        ^^^^^^^^^^^^^^^^^^^^^^^^^^^^^^^^^^^^^^^^^^^^^
    )
    ^
  File "/home/samuel/workspace/venv/lib/python3.13/site-packages/requests/models.py", line 370, in prepare
    self.prepare_body(data, files, json)
    ~~~~~~~~~~~~~~~~~^^^^^^^^^^^^^^^^^^^
  File "/home/samuel/workspace/venv/lib/python3.13/site-packages/requests/models.py", line 510, in prepare_body
    body = complexjson.dumps(json, allow_nan=False)
  File "/usr/lib/python3.13/json/__init__.py", line 238, in dumps
    **kw).encode(obj)
          ~~~~~~^^^^^
  File "/usr/lib/python3.13/json/encoder.py", line 200, in encode
    chunks = self.iterencode(o, _one_shot=True)
  File "/usr/lib/python3.13/json/encoder.py", line 261, in iterencode
    return _iterencode(o, 0)
  File "/usr/lib/python3.13/json/encoder.py", line 180, in default
    raise TypeError(f'Object of type {o.__class__.__name__} '
                    f'is not JSON serializable')
TypeError: Object of type Decimal is not JSON serializable
2025-11-27 06:41:57,741 [ERROR] [fetch_new_schemes] Failed to sync scheme 6: Unexpected error pushing scheme 6: Object of type Decimal is not JSON serializable
2025-11-27 06:41:57,749 [INFO] [fetch_new_schemes] Pushing scheme 6 to Smart API
2025-11-27 06:41:58,784 [INFO] [Smart Token] HTTP 200: {"access_token":"eyJhbGciOiJIUzM4NCJ9.eyJzdWIiOiI5MSIsImlhdCI6MTc2NDIxOTU4MiwiZXhwIjoxNzY0MjI2ODAyLCJ1c2VySWQiOjkxLCJzY29wZSI6IlJFQURfV1JJVEUiLCJ1c2VyIjp7ImlkIjo5MSwidXNlcm5hbWUiOiI4Mzg5MzFiZS0yOTIxLTQ3ZTItYTAwZS0zNTZiODMzZGNlYzkiLCJmaXJzdE5hbWUiOiJNQURJU09OIEdFTkVSQUwgSU5TVVJBTkNFIEtFTllBIExJTUlURUQiLCJsYXN0TmFtZSI6bnVsbCwiZW1haWwiOm51bGwsInBob25lTnVtYmVyIjpudWxsLCJnZW5kZXIiOm51bGwsImRvYiI6bnVsbCwiY291bnRyeUNvZGUiOiJLRSIsImRldmljZU51bWJlciI6MTc1MDMyMDQ1MjI4MSwidXNlclN0YXR1cyI6bnVsbCwiZmlyZWJhc2VUb2tlbiI6bnVsbCwiaXNNb2JpbGVQcm9maWxlIjowLCJpc1dlYlByb2ZpbGUiOjAsInByb2ZpbGVQaWNQaG90byI6bnVsbCwiZGVmYXVsdEFwcElkIjpudWxsLCJkZWZhdWx0QXBwQ29kZSI6bnVsbCwiZGVmYXVsdEFwcE5hbWUiOm51bGwsInVzZXJSb2xlcyI6W119LCJjb3VudHJ5Q29kZSI6IktFIiwiY3VzdElkIjo2MTAwMDkxNCwidXNlckNvdW50cmllcyI6WyJLRSJdfQ.0W-Irvdoki9UN_s3yuH4GF1UtPAg26xwiqU7sjfROGwQIi3CGxh4Rt1iny0oC4Kj","token_type":"bearer","expires_in":22684}
2025-11-27 06:41:58,785 [INFO] [Smart Schemes API] Pushing scheme 6 to API
2025-11-27 06:41:58,786 [ERROR] Unexpected error pushing scheme 6: Object of type Decimal is not JSON serializable
Traceback (most recent call last):
  File "/home/samuel/workspace/healthcare_hub/smart/schemes.py", line 80, in push_scheme_to_smart_api
    response = requests.post(
        url,
    ...<3 lines>...
        timeout=30
    )
  File "/home/samuel/workspace/venv/lib/python3.13/site-packages/requests/api.py", line 115, in post
    return request("post", url, data=data, json=json, **kwargs)
  File "/home/samuel/workspace/venv/lib/python3.13/site-packages/requests/api.py", line 59, in request
    return session.request(method=method, url=url, **kwargs)
           ~~~~~~~~~~~~~~~^^^^^^^^^^^^^^^^^^^^^^^^^^^^^^^^^^
  File "/home/samuel/workspace/venv/lib/python3.13/site-packages/requests/sessions.py", line 575, in request
    prep = self.prepare_request(req)
  File "/home/samuel/workspace/venv/lib/python3.13/site-packages/requests/sessions.py", line 484, in prepare_request
    p.prepare(
    ~~~~~~~~~^
        method=request.method.upper(),
        ^^^^^^^^^^^^^^^^^^^^^^^^^^^^^^
    ...<10 lines>...
        hooks=merge_hooks(request.hooks, self.hooks),
        ^^^^^^^^^^^^^^^^^^^^^^^^^^^^^^^^^^^^^^^^^^^^^
    )
    ^
  File "/home/samuel/workspace/venv/lib/python3.13/site-packages/requests/models.py", line 370, in prepare
    self.prepare_body(data, files, json)
    ~~~~~~~~~~~~~~~~~^^^^^^^^^^^^^^^^^^^
  File "/home/samuel/workspace/venv/lib/python3.13/site-packages/requests/models.py", line 510, in prepare_body
    body = complexjson.dumps(json, allow_nan=False)
  File "/usr/lib/python3.13/json/__init__.py", line 238, in dumps
    **kw).encode(obj)
          ~~~~~~^^^^^
  File "/usr/lib/python3.13/json/encoder.py", line 200, in encode
    chunks = self.iterencode(o, _one_shot=True)
  File "/usr/lib/python3.13/json/encoder.py", line 261, in iterencode
    return _iterencode(o, 0)
  File "/usr/lib/python3.13/json/encoder.py", line 180, in default
    raise TypeError(f'Object of type {o.__class__.__name__} '
                    f'is not JSON serializable')
TypeError: Object of type Decimal is not JSON serializable
2025-11-27 06:41:58,788 [ERROR] [fetch_new_schemes] Failed to sync scheme 6: Unexpected error pushing scheme 6: Object of type Decimal is not JSON serializable
2025-11-27 06:41:58,790 [INFO] [fetch_new_schemes] Pushing scheme 7 to Smart API
2025-11-27 06:41:59,517 [INFO] [Smart Token] HTTP 200: {"access_token":"eyJhbGciOiJIUzM4NCJ9.eyJzdWIiOiI5MSIsImlhdCI6MTc2NDIxOTU4MiwiZXhwIjoxNzY0MjI2ODAyLCJ1c2VySWQiOjkxLCJzY29wZSI6IlJFQURfV1JJVEUiLCJ1c2VyIjp7ImlkIjo5MSwidXNlcm5hbWUiOiI4Mzg5MzFiZS0yOTIxLTQ3ZTItYTAwZS0zNTZiODMzZGNlYzkiLCJmaXJzdE5hbWUiOiJNQURJU09OIEdFTkVSQUwgSU5TVVJBTkNFIEtFTllBIExJTUlURUQiLCJsYXN0TmFtZSI6bnVsbCwiZW1haWwiOm51bGwsInBob25lTnVtYmVyIjpudWxsLCJnZW5kZXIiOm51bGwsImRvYiI6bnVsbCwiY291bnRyeUNvZGUiOiJLRSIsImRldmljZU51bWJlciI6MTc1MDMyMDQ1MjI4MSwidXNlclN0YXR1cyI6bnVsbCwiZmlyZWJhc2VUb2tlbiI6bnVsbCwiaXNNb2JpbGVQcm9maWxlIjowLCJpc1dlYlByb2ZpbGUiOjAsInByb2ZpbGVQaWNQaG90byI6bnVsbCwiZGVmYXVsdEFwcElkIjpudWxsLCJkZWZhdWx0QXBwQ29kZSI6bnVsbCwiZGVmYXVsdEFwcE5hbWUiOm51bGwsInVzZXJSb2xlcyI6W119LCJjb3VudHJ5Q29kZSI6IktFIiwiY3VzdElkIjo2MTAwMDkxNCwidXNlckNvdW50cmllcyI6WyJLRSJdfQ.0W-Irvdoki9UN_s3yuH4GF1UtPAg26xwiqU7sjfROGwQIi3CGxh4Rt1iny0oC4Kj","token_type":"bearer","expires_in":22683}
2025-11-27 06:41:59,523 [INFO] [Smart Schemes API] Pushing scheme 7 to API
2025-11-27 06:41:59,525 [ERROR] Unexpected error pushing scheme 7: Object of type Decimal is not JSON serializable
Traceback (most recent call last):
  File "/home/samuel/workspace/healthcare_hub/smart/schemes.py", line 80, in push_scheme_to_smart_api
    response = requests.post(
        url,
    ...<3 lines>...
        timeout=30
    )
  File "/home/samuel/workspace/venv/lib/python3.13/site-packages/requests/api.py", line 115, in post
    return request("post", url, data=data, json=json, **kwargs)
  File "/home/samuel/workspace/venv/lib/python3.13/site-packages/requests/api.py", line 59, in request
    return session.request(method=method, url=url, **kwargs)
           ~~~~~~~~~~~~~~~^^^^^^^^^^^^^^^^^^^^^^^^^^^^^^^^^^
  File "/home/samuel/workspace/venv/lib/python3.13/site-packages/requests/sessions.py", line 575, in request
    prep = self.prepare_request(req)
  File "/home/samuel/workspace/venv/lib/python3.13/site-packages/requests/sessions.py", line 484, in prepare_request
    p.prepare(
    ~~~~~~~~~^
        method=request.method.upper(),
        ^^^^^^^^^^^^^^^^^^^^^^^^^^^^^^
    ...<10 lines>...
        hooks=merge_hooks(request.hooks, self.hooks),
        ^^^^^^^^^^^^^^^^^^^^^^^^^^^^^^^^^^^^^^^^^^^^^
    )
    ^
  File "/home/samuel/workspace/venv/lib/python3.13/site-packages/requests/models.py", line 370, in prepare
    self.prepare_body(data, files, json)
    ~~~~~~~~~~~~~~~~~^^^^^^^^^^^^^^^^^^^
  File "/home/samuel/workspace/venv/lib/python3.13/site-packages/requests/models.py", line 510, in prepare_body
    body = complexjson.dumps(json, allow_nan=False)
  File "/usr/lib/python3.13/json/__init__.py", line 238, in dumps
    **kw).encode(obj)
          ~~~~~~^^^^^
  File "/usr/lib/python3.13/json/encoder.py", line 200, in encode
    chunks = self.iterencode(o, _one_shot=True)
  File "/usr/lib/python3.13/json/encoder.py", line 261, in iterencode
    return _iterencode(o, 0)
  File "/usr/lib/python3.13/json/encoder.py", line 180, in default
    raise TypeError(f'Object of type {o.__class__.__name__} '
                    f'is not JSON serializable')
TypeError: Object of type Decimal is not JSON serializable
2025-11-27 06:41:59,533 [ERROR] [fetch_new_schemes] Failed to sync scheme 7: Unexpected error pushing scheme 7: Object of type Decimal is not JSON serializable
2025-11-27 06:41:59,542 [INFO] [fetch_new_schemes] Pushing scheme 6 to Smart API
2025-11-27 06:42:00,216 [INFO] [Smart Token] HTTP 200: {"access_token":"eyJhbGciOiJIUzM4NCJ9.eyJzdWIiOiI5MSIsImlhdCI6MTc2NDIxOTU4MiwiZXhwIjoxNzY0MjI2ODAyLCJ1c2VySWQiOjkxLCJzY29wZSI6IlJFQURfV1JJVEUiLCJ1c2VyIjp7ImlkIjo5MSwidXNlcm5hbWUiOiI4Mzg5MzFiZS0yOTIxLTQ3ZTItYTAwZS0zNTZiODMzZGNlYzkiLCJmaXJzdE5hbWUiOiJNQURJU09OIEdFTkVSQUwgSU5TVVJBTkNFIEtFTllBIExJTUlURUQiLCJsYXN0TmFtZSI6bnVsbCwiZW1haWwiOm51bGwsInBob25lTnVtYmVyIjpudWxsLCJnZW5kZXIiOm51bGwsImRvYiI6bnVsbCwiY291bnRyeUNvZGUiOiJLRSIsImRldmljZU51bWJlciI6MTc1MDMyMDQ1MjI4MSwidXNlclN0YXR1cyI6bnVsbCwiZmlyZWJhc2VUb2tlbiI6bnVsbCwiaXNNb2JpbGVQcm9maWxlIjowLCJpc1dlYlByb2ZpbGUiOjAsInByb2ZpbGVQaWNQaG90byI6bnVsbCwiZGVmYXVsdEFwcElkIjpudWxsLCJkZWZhdWx0QXBwQ29kZSI6bnVsbCwiZGVmYXVsdEFwcE5hbWUiOm51bGwsInVzZXJSb2xlcyI6W119LCJjb3VudHJ5Q29kZSI6IktFIiwiY3VzdElkIjo2MTAwMDkxNCwidXNlckNvdW50cmllcyI6WyJLRSJdfQ.0W-Irvdoki9UN_s3yuH4GF1UtPAg26xwiqU7sjfROGwQIi3CGxh4Rt1iny0oC4Kj","token_type":"bearer","expires_in":22682}
2025-11-27 06:42:00,220 [INFO] [Smart Schemes API] Pushing scheme 6 to API
2025-11-27 06:42:00,221 [ERROR] Unexpected error pushing scheme 6: Object of type Decimal is not JSON serializable
Traceback (most recent call last):
  File "/home/samuel/workspace/healthcare_hub/smart/schemes.py", line 80, in push_scheme_to_smart_api
    response = requests.post(
        url,
    ...<3 lines>...
        timeout=30
    )
  File "/home/samuel/workspace/venv/lib/python3.13/site-packages/requests/api.py", line 115, in post
    return request("post", url, data=data, json=json, **kwargs)
  File "/home/samuel/workspace/venv/lib/python3.13/site-packages/requests/api.py", line 59, in request
    return session.request(method=method, url=url, **kwargs)
           ~~~~~~~~~~~~~~~^^^^^^^^^^^^^^^^^^^^^^^^^^^^^^^^^^
  File "/home/samuel/workspace/venv/lib/python3.13/site-packages/requests/sessions.py", line 575, in request
    prep = self.prepare_request(req)
  File "/home/samuel/workspace/venv/lib/python3.13/site-packages/requests/sessions.py", line 484, in prepare_request
    p.prepare(
    ~~~~~~~~~^
        method=request.method.upper(),
        ^^^^^^^^^^^^^^^^^^^^^^^^^^^^^^
    ...<10 lines>...
        hooks=merge_hooks(request.hooks, self.hooks),
        ^^^^^^^^^^^^^^^^^^^^^^^^^^^^^^^^^^^^^^^^^^^^^
    )
    ^
  File "/home/samuel/workspace/venv/lib/python3.13/site-packages/requests/models.py", line 370, in prepare
    self.prepare_body(data, files, json)
    ~~~~~~~~~~~~~~~~~^^^^^^^^^^^^^^^^^^^
  File "/home/samuel/workspace/venv/lib/python3.13/site-packages/requests/models.py", line 510, in prepare_body
    body = complexjson.dumps(json, allow_nan=False)
  File "/usr/lib/python3.13/json/__init__.py", line 238, in dumps
    **kw).encode(obj)
          ~~~~~~^^^^^
  File "/usr/lib/python3.13/json/encoder.py", line 200, in encode
    chunks = self.iterencode(o, _one_shot=True)
  File "/usr/lib/python3.13/json/encoder.py", line 261, in iterencode
    return _iterencode(o, 0)
  File "/usr/lib/python3.13/json/encoder.py", line 180, in default
    raise TypeError(f'Object of type {o.__class__.__name__} '
                    f'is not JSON serializable')
TypeError: Object of type Decimal is not JSON serializable
2025-11-27 06:42:00,229 [ERROR] [fetch_new_schemes] Failed to sync scheme 6: Unexpected error pushing scheme 6: Object of type Decimal is not JSON serializable
2025-11-27 06:42:00,237 [INFO] [fetch_new_schemes] Pushing scheme 6 to Smart API
2025-11-27 06:42:01,038 [INFO] [Smart Token] HTTP 200: {"access_token":"eyJhbGciOiJIUzM4NCJ9.eyJzdWIiOiI5MSIsImlhdCI6MTc2NDIxOTU4MiwiZXhwIjoxNzY0MjI2ODAyLCJ1c2VySWQiOjkxLCJzY29wZSI6IlJFQURfV1JJVEUiLCJ1c2VyIjp7ImlkIjo5MSwidXNlcm5hbWUiOiI4Mzg5MzFiZS0yOTIxLTQ3ZTItYTAwZS0zNTZiODMzZGNlYzkiLCJmaXJzdE5hbWUiOiJNQURJU09OIEdFTkVSQUwgSU5TVVJBTkNFIEtFTllBIExJTUlURUQiLCJsYXN0TmFtZSI6bnVsbCwiZW1haWwiOm51bGwsInBob25lTnVtYmVyIjpudWxsLCJnZW5kZXIiOm51bGwsImRvYiI6bnVsbCwiY291bnRyeUNvZGUiOiJLRSIsImRldmljZU51bWJlciI6MTc1MDMyMDQ1MjI4MSwidXNlclN0YXR1cyI6bnVsbCwiZmlyZWJhc2VUb2tlbiI6bnVsbCwiaXNNb2JpbGVQcm9maWxlIjowLCJpc1dlYlByb2ZpbGUiOjAsInByb2ZpbGVQaWNQaG90byI6bnVsbCwiZGVmYXVsdEFwcElkIjpudWxsLCJkZWZhdWx0QXBwQ29kZSI6bnVsbCwiZGVmYXVsdEFwcE5hbWUiOm51bGwsInVzZXJSb2xlcyI6W119LCJjb3VudHJ5Q29kZSI6IktFIiwiY3VzdElkIjo2MTAwMDkxNCwidXNlckNvdW50cmllcyI6WyJLRSJdfQ.0W-Irvdoki9UN_s3yuH4GF1UtPAg26xwiqU7sjfROGwQIi3CGxh4Rt1iny0oC4Kj","token_type":"bearer","expires_in":22681}
2025-11-27 06:42:01,043 [INFO] [Smart Schemes API] Pushing scheme 6 to API
2025-11-27 06:42:01,045 [ERROR] Unexpected error pushing scheme 6: Object of type Decimal is not JSON serializable
Traceback (most recent call last):
  File "/home/samuel/workspace/healthcare_hub/smart/schemes.py", line 80, in push_scheme_to_smart_api
    response = requests.post(
        url,
    ...<3 lines>...
        timeout=30
    )
  File "/home/samuel/workspace/venv/lib/python3.13/site-packages/requests/api.py", line 115, in post
    return request("post", url, data=data, json=json, **kwargs)
  File "/home/samuel/workspace/venv/lib/python3.13/site-packages/requests/api.py", line 59, in request
    return session.request(method=method, url=url, **kwargs)
           ~~~~~~~~~~~~~~~^^^^^^^^^^^^^^^^^^^^^^^^^^^^^^^^^^
  File "/home/samuel/workspace/venv/lib/python3.13/site-packages/requests/sessions.py", line 575, in request
    prep = self.prepare_request(req)
  File "/home/samuel/workspace/venv/lib/python3.13/site-packages/requests/sessions.py", line 484, in prepare_request
    p.prepare(
    ~~~~~~~~~^
        method=request.method.upper(),
        ^^^^^^^^^^^^^^^^^^^^^^^^^^^^^^
    ...<10 lines>...
        hooks=merge_hooks(request.hooks, self.hooks),
        ^^^^^^^^^^^^^^^^^^^^^^^^^^^^^^^^^^^^^^^^^^^^^
    )
    ^
  File "/home/samuel/workspace/venv/lib/python3.13/site-packages/requests/models.py", line 370, in prepare
    self.prepare_body(data, files, json)
    ~~~~~~~~~~~~~~~~~^^^^^^^^^^^^^^^^^^^
  File "/home/samuel/workspace/venv/lib/python3.13/site-packages/requests/models.py", line 510, in prepare_body
    body = complexjson.dumps(json, allow_nan=False)
  File "/usr/lib/python3.13/json/__init__.py", line 238, in dumps
    **kw).encode(obj)
          ~~~~~~^^^^^
  File "/usr/lib/python3.13/json/encoder.py", line 200, in encode
    chunks = self.iterencode(o, _one_shot=True)
  File "/usr/lib/python3.13/json/encoder.py", line 261, in iterencode
    return _iterencode(o, 0)
  File "/usr/lib/python3.13/json/encoder.py", line 180, in default
    raise TypeError(f'Object of type {o.__class__.__name__} '
                    f'is not JSON serializable')
TypeError: Object of type Decimal is not JSON serializable
2025-11-27 06:42:01,052 [ERROR] [fetch_new_schemes] Failed to sync scheme 6: Unexpected error pushing scheme 6: Object of type Decimal is not JSON serializable
2025-11-27 06:42:01,060 [INFO] [fetch_new_schemes] Pushing scheme 6 to Smart API
2025-11-27 06:42:01,753 [INFO] [Smart Token] HTTP 200: {"access_token":"eyJhbGciOiJIUzM4NCJ9.eyJzdWIiOiI5MSIsImlhdCI6MTc2NDIxOTU4MiwiZXhwIjoxNzY0MjI2ODAyLCJ1c2VySWQiOjkxLCJzY29wZSI6IlJFQURfV1JJVEUiLCJ1c2VyIjp7ImlkIjo5MSwidXNlcm5hbWUiOiI4Mzg5MzFiZS0yOTIxLTQ3ZTItYTAwZS0zNTZiODMzZGNlYzkiLCJmaXJzdE5hbWUiOiJNQURJU09OIEdFTkVSQUwgSU5TVVJBTkNFIEtFTllBIExJTUlURUQiLCJsYXN0TmFtZSI6bnVsbCwiZW1haWwiOm51bGwsInBob25lTnVtYmVyIjpudWxsLCJnZW5kZXIiOm51bGwsImRvYiI6bnVsbCwiY291bnRyeUNvZGUiOiJLRSIsImRldmljZU51bWJlciI6MTc1MDMyMDQ1MjI4MSwidXNlclN0YXR1cyI6bnVsbCwiZmlyZWJhc2VUb2tlbiI6bnVsbCwiaXNNb2JpbGVQcm9maWxlIjowLCJpc1dlYlByb2ZpbGUiOjAsInByb2ZpbGVQaWNQaG90byI6bnVsbCwiZGVmYXVsdEFwcElkIjpudWxsLCJkZWZhdWx0QXBwQ29kZSI6bnVsbCwiZGVmYXVsdEFwcE5hbWUiOm51bGwsInVzZXJSb2xlcyI6W119LCJjb3VudHJ5Q29kZSI6IktFIiwiY3VzdElkIjo2MTAwMDkxNCwidXNlckNvdW50cmllcyI6WyJLRSJdfQ.0W-Irvdoki9UN_s3yuH4GF1UtPAg26xwiqU7sjfROGwQIi3CGxh4Rt1iny0oC4Kj","token_type":"bearer","expires_in":22681}
2025-11-27 06:42:01,757 [INFO] [Smart Schemes API] Pushing scheme 6 to API
2025-11-27 06:42:01,758 [ERROR] Unexpected error pushing scheme 6: Object of type Decimal is not JSON serializable
Traceback (most recent call last):
  File "/home/samuel/workspace/healthcare_hub/smart/schemes.py", line 80, in push_scheme_to_smart_api
    response = requests.post(
        url,
    ...<3 lines>...
        timeout=30
    )
  File "/home/samuel/workspace/venv/lib/python3.13/site-packages/requests/api.py", line 115, in post
    return request("post", url, data=data, json=json, **kwargs)
  File "/home/samuel/workspace/venv/lib/python3.13/site-packages/requests/api.py", line 59, in request
    return session.request(method=method, url=url, **kwargs)
           ~~~~~~~~~~~~~~~^^^^^^^^^^^^^^^^^^^^^^^^^^^^^^^^^^
  File "/home/samuel/workspace/venv/lib/python3.13/site-packages/requests/sessions.py", line 575, in request
    prep = self.prepare_request(req)
  File "/home/samuel/workspace/venv/lib/python3.13/site-packages/requests/sessions.py", line 484, in prepare_request
    p.prepare(
    ~~~~~~~~~^
        method=request.method.upper(),
        ^^^^^^^^^^^^^^^^^^^^^^^^^^^^^^
    ...<10 lines>...
        hooks=merge_hooks(request.hooks, self.hooks),
        ^^^^^^^^^^^^^^^^^^^^^^^^^^^^^^^^^^^^^^^^^^^^^
    )
    ^
  File "/home/samuel/workspace/venv/lib/python3.13/site-packages/requests/models.py", line 370, in prepare
    self.prepare_body(data, files, json)
    ~~~~~~~~~~~~~~~~~^^^^^^^^^^^^^^^^^^^
  File "/home/samuel/workspace/venv/lib/python3.13/site-packages/requests/models.py", line 510, in prepare_body
    body = complexjson.dumps(json, allow_nan=False)
  File "/usr/lib/python3.13/json/__init__.py", line 238, in dumps
    **kw).encode(obj)
          ~~~~~~^^^^^
  File "/usr/lib/python3.13/json/encoder.py", line 200, in encode
    chunks = self.iterencode(o, _one_shot=True)
  File "/usr/lib/python3.13/json/encoder.py", line 261, in iterencode
    return _iterencode(o, 0)
  File "/usr/lib/python3.13/json/encoder.py", line 180, in default
    raise TypeError(f'Object of type {o.__class__.__name__} '
                    f'is not JSON serializable')
TypeError: Object of type Decimal is not JSON serializable
2025-11-27 06:42:01,768 [ERROR] [fetch_new_schemes] Failed to sync scheme 6: Unexpected error pushing scheme 6: Object of type Decimal is not JSON serializable
2025-11-27 06:42:01,778 [INFO] [fetch_new_schemes] Pushing scheme 6 to Smart API
2025-11-27 06:42:02,675 [INFO] [Smart Token] HTTP 200: {"access_token":"eyJhbGciOiJIUzM4NCJ9.eyJzdWIiOiI5MSIsImlhdCI6MTc2NDIxOTU4MiwiZXhwIjoxNzY0MjI2ODAyLCJ1c2VySWQiOjkxLCJzY29wZSI6IlJFQURfV1JJVEUiLCJ1c2VyIjp7ImlkIjo5MSwidXNlcm5hbWUiOiI4Mzg5MzFiZS0yOTIxLTQ3ZTItYTAwZS0zNTZiODMzZGNlYzkiLCJmaXJzdE5hbWUiOiJNQURJU09OIEdFTkVSQUwgSU5TVVJBTkNFIEtFTllBIExJTUlURUQiLCJsYXN0TmFtZSI6bnVsbCwiZW1haWwiOm51bGwsInBob25lTnVtYmVyIjpudWxsLCJnZW5kZXIiOm51bGwsImRvYiI6bnVsbCwiY291bnRyeUNvZGUiOiJLRSIsImRldmljZU51bWJlciI6MTc1MDMyMDQ1MjI4MSwidXNlclN0YXR1cyI6bnVsbCwiZmlyZWJhc2VUb2tlbiI6bnVsbCwiaXNNb2JpbGVQcm9maWxlIjowLCJpc1dlYlByb2ZpbGUiOjAsInByb2ZpbGVQaWNQaG90byI6bnVsbCwiZGVmYXVsdEFwcElkIjpudWxsLCJkZWZhdWx0QXBwQ29kZSI6bnVsbCwiZGVmYXVsdEFwcE5hbWUiOm51bGwsInVzZXJSb2xlcyI6W119LCJjb3VudHJ5Q29kZSI6IktFIiwiY3VzdElkIjo2MTAwMDkxNCwidXNlckNvdW50cmllcyI6WyJLRSJdfQ.0W-Irvdoki9UN_s3yuH4GF1UtPAg26xwiqU7sjfROGwQIi3CGxh4Rt1iny0oC4Kj","token_type":"bearer","expires_in":22680}
2025-11-27 06:42:02,680 [INFO] [Smart Schemes API] Pushing scheme 6 to API
2025-11-27 06:42:02,681 [ERROR] Unexpected error pushing scheme 6: Object of type Decimal is not JSON serializable
Traceback (most recent call last):
  File "/home/samuel/workspace/healthcare_hub/smart/schemes.py", line 80, in push_scheme_to_smart_api
    response = requests.post(
        url,
    ...<3 lines>...
        timeout=30
    )
  File "/home/samuel/workspace/venv/lib/python3.13/site-packages/requests/api.py", line 115, in post
    return request("post", url, data=data, json=json, **kwargs)
  File "/home/samuel/workspace/venv/lib/python3.13/site-packages/requests/api.py", line 59, in request
    return session.request(method=method, url=url, **kwargs)
           ~~~~~~~~~~~~~~~^^^^^^^^^^^^^^^^^^^^^^^^^^^^^^^^^^
  File "/home/samuel/workspace/venv/lib/python3.13/site-packages/requests/sessions.py", line 575, in request
    prep = self.prepare_request(req)
  File "/home/samuel/workspace/venv/lib/python3.13/site-packages/requests/sessions.py", line 484, in prepare_request
    p.prepare(
    ~~~~~~~~~^
        method=request.method.upper(),
        ^^^^^^^^^^^^^^^^^^^^^^^^^^^^^^
    ...<10 lines>...
        hooks=merge_hooks(request.hooks, self.hooks),
        ^^^^^^^^^^^^^^^^^^^^^^^^^^^^^^^^^^^^^^^^^^^^^
    )
    ^
  File "/home/samuel/workspace/venv/lib/python3.13/site-packages/requests/models.py", line 370, in prepare
    self.prepare_body(data, files, json)
    ~~~~~~~~~~~~~~~~~^^^^^^^^^^^^^^^^^^^
  File "/home/samuel/workspace/venv/lib/python3.13/site-packages/requests/models.py", line 510, in prepare_body
    body = complexjson.dumps(json, allow_nan=False)
  File "/usr/lib/python3.13/json/__init__.py", line 238, in dumps
    **kw).encode(obj)
          ~~~~~~^^^^^
  File "/usr/lib/python3.13/json/encoder.py", line 200, in encode
    chunks = self.iterencode(o, _one_shot=True)
  File "/usr/lib/python3.13/json/encoder.py", line 261, in iterencode
    return _iterencode(o, 0)
  File "/usr/lib/python3.13/json/encoder.py", line 180, in default
    raise TypeError(f'Object of type {o.__class__.__name__} '
                    f'is not JSON serializable')
TypeError: Object of type Decimal is not JSON serializable
2025-11-27 06:42:02,687 [ERROR] [fetch_new_schemes] Failed to sync scheme 6: Unexpected error pushing scheme 6: Object of type Decimal is not JSON serializable
2025-11-27 06:42:02,691 [INFO] [fetch_new_schemes] Pushing scheme 6 to Smart API
2025-11-27 06:42:03,288 [INFO] [Smart Token] HTTP 200: {"access_token":"eyJhbGciOiJIUzM4NCJ9.eyJzdWIiOiI5MSIsImlhdCI6MTc2NDIxOTU4MiwiZXhwIjoxNzY0MjI2ODAyLCJ1c2VySWQiOjkxLCJzY29wZSI6IlJFQURfV1JJVEUiLCJ1c2VyIjp7ImlkIjo5MSwidXNlcm5hbWUiOiI4Mzg5MzFiZS0yOTIxLTQ3ZTItYTAwZS0zNTZiODMzZGNlYzkiLCJmaXJzdE5hbWUiOiJNQURJU09OIEdFTkVSQUwgSU5TVVJBTkNFIEtFTllBIExJTUlURUQiLCJsYXN0TmFtZSI6bnVsbCwiZW1haWwiOm51bGwsInBob25lTnVtYmVyIjpudWxsLCJnZW5kZXIiOm51bGwsImRvYiI6bnVsbCwiY291bnRyeUNvZGUiOiJLRSIsImRldmljZU51bWJlciI6MTc1MDMyMDQ1MjI4MSwidXNlclN0YXR1cyI6bnVsbCwiZmlyZWJhc2VUb2tlbiI6bnVsbCwiaXNNb2JpbGVQcm9maWxlIjowLCJpc1dlYlByb2ZpbGUiOjAsInByb2ZpbGVQaWNQaG90byI6bnVsbCwiZGVmYXVsdEFwcElkIjpudWxsLCJkZWZhdWx0QXBwQ29kZSI6bnVsbCwiZGVmYXVsdEFwcE5hbWUiOm51bGwsInVzZXJSb2xlcyI6W119LCJjb3VudHJ5Q29kZSI6IktFIiwiY3VzdElkIjo2MTAwMDkxNCwidXNlckNvdW50cmllcyI6WyJLRSJdfQ.0W-Irvdoki9UN_s3yuH4GF1UtPAg26xwiqU7sjfROGwQIi3CGxh4Rt1iny0oC4Kj","token_type":"bearer","expires_in":22679}
2025-11-27 06:42:03,289 [INFO] [Smart Schemes API] Pushing scheme 6 to API
2025-11-27 06:42:03,290 [ERROR] Unexpected error pushing scheme 6: Object of type Decimal is not JSON serializable
Traceback (most recent call last):
  File "/home/samuel/workspace/healthcare_hub/smart/schemes.py", line 80, in push_scheme_to_smart_api
    response = requests.post(
        url,
    ...<3 lines>...
        timeout=30
    )
  File "/home/samuel/workspace/venv/lib/python3.13/site-packages/requests/api.py", line 115, in post
    return request("post", url, data=data, json=json, **kwargs)
  File "/home/samuel/workspace/venv/lib/python3.13/site-packages/requests/api.py", line 59, in request
    return session.request(method=method, url=url, **kwargs)
           ~~~~~~~~~~~~~~~^^^^^^^^^^^^^^^^^^^^^^^^^^^^^^^^^^
  File "/home/samuel/workspace/venv/lib/python3.13/site-packages/requests/sessions.py", line 575, in request
    prep = self.prepare_request(req)
  File "/home/samuel/workspace/venv/lib/python3.13/site-packages/requests/sessions.py", line 484, in prepare_request
    p.prepare(
    ~~~~~~~~~^
        method=request.method.upper(),
        ^^^^^^^^^^^^^^^^^^^^^^^^^^^^^^
    ...<10 lines>...
        hooks=merge_hooks(request.hooks, self.hooks),
        ^^^^^^^^^^^^^^^^^^^^^^^^^^^^^^^^^^^^^^^^^^^^^
    )
    ^
  File "/home/samuel/workspace/venv/lib/python3.13/site-packages/requests/models.py", line 370, in prepare
    self.prepare_body(data, files, json)
    ~~~~~~~~~~~~~~~~~^^^^^^^^^^^^^^^^^^^
  File "/home/samuel/workspace/venv/lib/python3.13/site-packages/requests/models.py", line 510, in prepare_body
    body = complexjson.dumps(json, allow_nan=False)
  File "/usr/lib/python3.13/json/__init__.py", line 238, in dumps
    **kw).encode(obj)
          ~~~~~~^^^^^
  File "/usr/lib/python3.13/json/encoder.py", line 200, in encode
    chunks = self.iterencode(o, _one_shot=True)
  File "/usr/lib/python3.13/json/encoder.py", line 261, in iterencode
    return _iterencode(o, 0)
  File "/usr/lib/python3.13/json/encoder.py", line 180, in default
    raise TypeError(f'Object of type {o.__class__.__name__} '
                    f'is not JSON serializable')
TypeError: Object of type Decimal is not JSON serializable
2025-11-27 06:42:03,292 [ERROR] [fetch_new_schemes] Failed to sync scheme 6: Unexpected error pushing scheme 6: Object of type Decimal is not JSON serializable
2025-11-27 06:42:11,303 [WARNING] [fetch_new_schemes] Completed with 13 failed syncs
2025-11-27 06:42:11,303 [INFO] [fetch_new_schemes] Process completed: 13 staged, 0 synced to API
2025-11-27 06:44:34,933 [INFO] [fetch_new_schemes] Starting scheme fetch and sync process
2025-11-27 06:44:35,158 [INFO] [fetch_new_schemes] Fetched 13 schemes from MSSQL
2025-11-27 06:44:35,219 [INFO] [fetch_new_schemes] Pushing scheme 7 to Smart API
2025-11-27 06:44:36,080 [INFO] [Smart Token] HTTP 200: {"access_token":"eyJhbGciOiJIUzM4NCJ9.eyJzdWIiOiI5MSIsImlhdCI6MTc2NDIxOTU4MiwiZXhwIjoxNzY0MjI2ODAyLCJ1c2VySWQiOjkxLCJzY29wZSI6IlJFQURfV1JJVEUiLCJ1c2VyIjp7ImlkIjo5MSwidXNlcm5hbWUiOiI4Mzg5MzFiZS0yOTIxLTQ3ZTItYTAwZS0zNTZiODMzZGNlYzkiLCJmaXJzdE5hbWUiOiJNQURJU09OIEdFTkVSQUwgSU5TVVJBTkNFIEtFTllBIExJTUlURUQiLCJsYXN0TmFtZSI6bnVsbCwiZW1haWwiOm51bGwsInBob25lTnVtYmVyIjpudWxsLCJnZW5kZXIiOm51bGwsImRvYiI6bnVsbCwiY291bnRyeUNvZGUiOiJLRSIsImRldmljZU51bWJlciI6MTc1MDMyMDQ1MjI4MSwidXNlclN0YXR1cyI6bnVsbCwiZmlyZWJhc2VUb2tlbiI6bnVsbCwiaXNNb2JpbGVQcm9maWxlIjowLCJpc1dlYlByb2ZpbGUiOjAsInByb2ZpbGVQaWNQaG90byI6bnVsbCwiZGVmYXVsdEFwcElkIjpudWxsLCJkZWZhdWx0QXBwQ29kZSI6bnVsbCwiZGVmYXVsdEFwcE5hbWUiOm51bGwsInVzZXJSb2xlcyI6W119LCJjb3VudHJ5Q29kZSI6IktFIiwiY3VzdElkIjo2MTAwMDkxNCwidXNlckNvdW50cmllcyI6WyJLRSJdfQ.0W-Irvdoki9UN_s3yuH4GF1UtPAg26xwiqU7sjfROGwQIi3CGxh4Rt1iny0oC4Kj","token_type":"bearer","expires_in":22526}
2025-11-27 06:44:36,084 [INFO] [Smart Schemes API] Pushing scheme 7 to API
2025-11-27 06:44:36,687 [INFO] [Smart Schemes API] HTTP 400 for 7: {"successful":false,"status_msg":"CustomerId 482646589923456863549665 does not belong environment integqa not configured or does not belong to countryCode KE","id":"0","objectCode":null,"updated_rows":0,"error_type":"","errorCode":-1,"statusCode":"400","statusCodeType":"UNKNOWN_ERROR","statusCodeMsg":"Unknown error"}
2025-11-27 06:44:36,687 [ERROR] Request error for scheme 7: 400 Client Error: Bad Request for url: https://data.smartapplicationsgroup.com/api/v2/integqa/schemes?companyName=ACCIONA+CONSTRUCCION+S.A&clnPolCode=7&startDate=2024-12-13&endDate=2025-12-12&polTypeId=1&userId=DMOSE&countryCode=KE&policyCurrencyId=UGX&anniv=5&customerid=482646589923456863549665
2025-11-27 06:44:36,688 [ERROR] [fetch_new_schemes] Failed to sync scheme 7: Request error for scheme 7: 400 Client Error: Bad Request for url: https://data.smartapplicationsgroup.com/api/v2/integqa/schemes?companyName=ACCIONA+CONSTRUCCION+S.A&clnPolCode=7&startDate=2024-12-13&endDate=2025-12-12&polTypeId=1&userId=DMOSE&countryCode=KE&policyCurrencyId=UGX&anniv=5&customerid=482646589923456863549665
2025-11-27 06:44:36,691 [INFO] [fetch_new_schemes] Pushing scheme 7 to Smart API
2025-11-27 06:44:37,303 [INFO] [Smart Token] HTTP 200: {"access_token":"eyJhbGciOiJIUzM4NCJ9.eyJzdWIiOiI5MSIsImlhdCI6MTc2NDIxOTU4MiwiZXhwIjoxNzY0MjI2ODAyLCJ1c2VySWQiOjkxLCJzY29wZSI6IlJFQURfV1JJVEUiLCJ1c2VyIjp7ImlkIjo5MSwidXNlcm5hbWUiOiI4Mzg5MzFiZS0yOTIxLTQ3ZTItYTAwZS0zNTZiODMzZGNlYzkiLCJmaXJzdE5hbWUiOiJNQURJU09OIEdFTkVSQUwgSU5TVVJBTkNFIEtFTllBIExJTUlURUQiLCJsYXN0TmFtZSI6bnVsbCwiZW1haWwiOm51bGwsInBob25lTnVtYmVyIjpudWxsLCJnZW5kZXIiOm51bGwsImRvYiI6bnVsbCwiY291bnRyeUNvZGUiOiJLRSIsImRldmljZU51bWJlciI6MTc1MDMyMDQ1MjI4MSwidXNlclN0YXR1cyI6bnVsbCwiZmlyZWJhc2VUb2tlbiI6bnVsbCwiaXNNb2JpbGVQcm9maWxlIjowLCJpc1dlYlByb2ZpbGUiOjAsInByb2ZpbGVQaWNQaG90byI6bnVsbCwiZGVmYXVsdEFwcElkIjpudWxsLCJkZWZhdWx0QXBwQ29kZSI6bnVsbCwiZGVmYXVsdEFwcE5hbWUiOm51bGwsInVzZXJSb2xlcyI6W119LCJjb3VudHJ5Q29kZSI6IktFIiwiY3VzdElkIjo2MTAwMDkxNCwidXNlckNvdW50cmllcyI6WyJLRSJdfQ.0W-Irvdoki9UN_s3yuH4GF1UtPAg26xwiqU7sjfROGwQIi3CGxh4Rt1iny0oC4Kj","token_type":"bearer","expires_in":22525}
2025-11-27 06:44:37,307 [INFO] [Smart Schemes API] Pushing scheme 7 to API
2025-11-27 06:44:37,656 [INFO] [Smart Schemes API] HTTP 400 for 7: {"successful":false,"status_msg":"CustomerId 482646589923456863549665 does not belong environment integqa not configured or does not belong to countryCode KE","id":"0","objectCode":null,"updated_rows":0,"error_type":"","errorCode":-1,"statusCode":"400","statusCodeType":"UNKNOWN_ERROR","statusCodeMsg":"Unknown error"}
2025-11-27 06:44:37,657 [ERROR] Request error for scheme 7: 400 Client Error: Bad Request for url: https://data.smartapplicationsgroup.com/api/v2/integqa/schemes?companyName=WETLANDS+INTERNATIONAL+EAST+AFRICA&clnPolCode=7&startDate=2024-12-30&endDate=2025-12-29&polTypeId=1&userId=DMOSE&countryCode=KE&policyCurrencyId=UGX&anniv=5&customerid=482646589923456863549665
2025-11-27 06:44:37,660 [ERROR] [fetch_new_schemes] Failed to sync scheme 7: Request error for scheme 7: 400 Client Error: Bad Request for url: https://data.smartapplicationsgroup.com/api/v2/integqa/schemes?companyName=WETLANDS+INTERNATIONAL+EAST+AFRICA&clnPolCode=7&startDate=2024-12-30&endDate=2025-12-29&polTypeId=1&userId=DMOSE&countryCode=KE&policyCurrencyId=UGX&anniv=5&customerid=482646589923456863549665
2025-11-27 06:44:37,668 [INFO] [fetch_new_schemes] Pushing scheme 6 to Smart API
2025-11-27 06:44:38,202 [INFO] [Smart Token] HTTP 200: {"access_token":"eyJhbGciOiJIUzM4NCJ9.eyJzdWIiOiI5MSIsImlhdCI6MTc2NDIxOTU4MiwiZXhwIjoxNzY0MjI2ODAyLCJ1c2VySWQiOjkxLCJzY29wZSI6IlJFQURfV1JJVEUiLCJ1c2VyIjp7ImlkIjo5MSwidXNlcm5hbWUiOiI4Mzg5MzFiZS0yOTIxLTQ3ZTItYTAwZS0zNTZiODMzZGNlYzkiLCJmaXJzdE5hbWUiOiJNQURJU09OIEdFTkVSQUwgSU5TVVJBTkNFIEtFTllBIExJTUlURUQiLCJsYXN0TmFtZSI6bnVsbCwiZW1haWwiOm51bGwsInBob25lTnVtYmVyIjpudWxsLCJnZW5kZXIiOm51bGwsImRvYiI6bnVsbCwiY291bnRyeUNvZGUiOiJLRSIsImRldmljZU51bWJlciI6MTc1MDMyMDQ1MjI4MSwidXNlclN0YXR1cyI6bnVsbCwiZmlyZWJhc2VUb2tlbiI6bnVsbCwiaXNNb2JpbGVQcm9maWxlIjowLCJpc1dlYlByb2ZpbGUiOjAsInByb2ZpbGVQaWNQaG90byI6bnVsbCwiZGVmYXVsdEFwcElkIjpudWxsLCJkZWZhdWx0QXBwQ29kZSI6bnVsbCwiZGVmYXVsdEFwcE5hbWUiOm51bGwsInVzZXJSb2xlcyI6W119LCJjb3VudHJ5Q29kZSI6IktFIiwiY3VzdElkIjo2MTAwMDkxNCwidXNlckNvdW50cmllcyI6WyJLRSJdfQ.0W-Irvdoki9UN_s3yuH4GF1UtPAg26xwiqU7sjfROGwQIi3CGxh4Rt1iny0oC4Kj","token_type":"bearer","expires_in":22524}
2025-11-27 06:44:38,206 [INFO] [Smart Schemes API] Pushing scheme 6 to API
2025-11-27 06:44:38,646 [INFO] [Smart Schemes API] HTTP 400 for 6: {"successful":false,"status_msg":"CustomerId 482646589923456863549665 does not belong environment integqa not configured or does not belong to countryCode KE","id":"0","objectCode":null,"updated_rows":0,"error_type":"","errorCode":-1,"statusCode":"400","statusCodeType":"UNKNOWN_ERROR","statusCodeMsg":"Unknown error"}
2025-11-27 06:44:38,646 [ERROR] Request error for scheme 6: 400 Client Error: Bad Request for url: https://data.smartapplicationsgroup.com/api/v2/integqa/schemes?companyName=WORLDSERVE+INTERNATIONAL+KENYA&clnPolCode=6&startDate=2025-03-17&endDate=2026-03-16&polTypeId=1&userId=PAMAI&countryCode=KE&policyCurrencyId=UGX&anniv=5&customerid=482646589923456863549665
2025-11-27 06:44:38,650 [ERROR] [fetch_new_schemes] Failed to sync scheme 6: Request error for scheme 6: 400 Client Error: Bad Request for url: https://data.smartapplicationsgroup.com/api/v2/integqa/schemes?companyName=WORLDSERVE+INTERNATIONAL+KENYA&clnPolCode=6&startDate=2025-03-17&endDate=2026-03-16&polTypeId=1&userId=PAMAI&countryCode=KE&policyCurrencyId=UGX&anniv=5&customerid=482646589923456863549665
2025-11-27 06:44:38,658 [INFO] [fetch_new_schemes] Pushing scheme 6 to Smart API
2025-11-27 06:44:39,352 [INFO] [Smart Token] HTTP 200: {"access_token":"eyJhbGciOiJIUzM4NCJ9.eyJzdWIiOiI5MSIsImlhdCI6MTc2NDIxOTU4MiwiZXhwIjoxNzY0MjI2ODAyLCJ1c2VySWQiOjkxLCJzY29wZSI6IlJFQURfV1JJVEUiLCJ1c2VyIjp7ImlkIjo5MSwidXNlcm5hbWUiOiI4Mzg5MzFiZS0yOTIxLTQ3ZTItYTAwZS0zNTZiODMzZGNlYzkiLCJmaXJzdE5hbWUiOiJNQURJU09OIEdFTkVSQUwgSU5TVVJBTkNFIEtFTllBIExJTUlURUQiLCJsYXN0TmFtZSI6bnVsbCwiZW1haWwiOm51bGwsInBob25lTnVtYmVyIjpudWxsLCJnZW5kZXIiOm51bGwsImRvYiI6bnVsbCwiY291bnRyeUNvZGUiOiJLRSIsImRldmljZU51bWJlciI6MTc1MDMyMDQ1MjI4MSwidXNlclN0YXR1cyI6bnVsbCwiZmlyZWJhc2VUb2tlbiI6bnVsbCwiaXNNb2JpbGVQcm9maWxlIjowLCJpc1dlYlByb2ZpbGUiOjAsInByb2ZpbGVQaWNQaG90byI6bnVsbCwiZGVmYXVsdEFwcElkIjpudWxsLCJkZWZhdWx0QXBwQ29kZSI6bnVsbCwiZGVmYXVsdEFwcE5hbWUiOm51bGwsInVzZXJSb2xlcyI6W119LCJjb3VudHJ5Q29kZSI6IktFIiwiY3VzdElkIjo2MTAwMDkxNCwidXNlckNvdW50cmllcyI6WyJLRSJdfQ.0W-Irvdoki9UN_s3yuH4GF1UtPAg26xwiqU7sjfROGwQIi3CGxh4Rt1iny0oC4Kj","token_type":"bearer","expires_in":22523}
2025-11-27 06:44:39,357 [INFO] [Smart Schemes API] Pushing scheme 6 to API
2025-11-27 06:44:39,995 [INFO] [Smart Schemes API] HTTP 400 for 6: {"successful":false,"status_msg":"CustomerId 482646589923456863549665 does not belong environment integqa not configured or does not belong to countryCode KE","id":"0","objectCode":null,"updated_rows":0,"error_type":"","errorCode":-1,"statusCode":"400","statusCodeType":"UNKNOWN_ERROR","statusCodeMsg":"Unknown error"}
2025-11-27 06:44:39,995 [ERROR] Request error for scheme 6: 400 Client Error: Bad Request for url: https://data.smartapplicationsgroup.com/api/v2/integqa/schemes?companyName=AFRICAN+BANKING+CORPORATION+LTD&clnPolCode=6&startDate=2025-03-01&endDate=2026-02-28&polTypeId=1&userId=DMOSE&countryCode=KE&policyCurrencyId=UGX&anniv=5&customerid=482646589923456863549665
2025-11-27 06:44:39,998 [ERROR] [fetch_new_schemes] Failed to sync scheme 6: Request error for scheme 6: 400 Client Error: Bad Request for url: https://data.smartapplicationsgroup.com/api/v2/integqa/schemes?companyName=AFRICAN+BANKING+CORPORATION+LTD&clnPolCode=6&startDate=2025-03-01&endDate=2026-02-28&polTypeId=1&userId=DMOSE&countryCode=KE&policyCurrencyId=UGX&anniv=5&customerid=482646589923456863549665
2025-11-27 06:44:40,006 [INFO] [fetch_new_schemes] Pushing scheme 6 to Smart API
2025-11-27 06:44:40,687 [INFO] [Smart Token] HTTP 200: {"access_token":"eyJhbGciOiJIUzM4NCJ9.eyJzdWIiOiI5MSIsImlhdCI6MTc2NDIxOTU4MiwiZXhwIjoxNzY0MjI2ODAyLCJ1c2VySWQiOjkxLCJzY29wZSI6IlJFQURfV1JJVEUiLCJ1c2VyIjp7ImlkIjo5MSwidXNlcm5hbWUiOiI4Mzg5MzFiZS0yOTIxLTQ3ZTItYTAwZS0zNTZiODMzZGNlYzkiLCJmaXJzdE5hbWUiOiJNQURJU09OIEdFTkVSQUwgSU5TVVJBTkNFIEtFTllBIExJTUlURUQiLCJsYXN0TmFtZSI6bnVsbCwiZW1haWwiOm51bGwsInBob25lTnVtYmVyIjpudWxsLCJnZW5kZXIiOm51bGwsImRvYiI6bnVsbCwiY291bnRyeUNvZGUiOiJLRSIsImRldmljZU51bWJlciI6MTc1MDMyMDQ1MjI4MSwidXNlclN0YXR1cyI6bnVsbCwiZmlyZWJhc2VUb2tlbiI6bnVsbCwiaXNNb2JpbGVQcm9maWxlIjowLCJpc1dlYlByb2ZpbGUiOjAsInByb2ZpbGVQaWNQaG90byI6bnVsbCwiZGVmYXVsdEFwcElkIjpudWxsLCJkZWZhdWx0QXBwQ29kZSI6bnVsbCwiZGVmYXVsdEFwcE5hbWUiOm51bGwsInVzZXJSb2xlcyI6W119LCJjb3VudHJ5Q29kZSI6IktFIiwiY3VzdElkIjo2MTAwMDkxNCwidXNlckNvdW50cmllcyI6WyJLRSJdfQ.0W-Irvdoki9UN_s3yuH4GF1UtPAg26xwiqU7sjfROGwQIi3CGxh4Rt1iny0oC4Kj","token_type":"bearer","expires_in":22522}
2025-11-27 06:44:40,692 [INFO] [Smart Schemes API] Pushing scheme 6 to API
2025-11-27 06:44:40,787 [INFO] [Smart Schemes API] HTTP 400 for 6: {"successful":false,"status_msg":"CustomerId 482646589923456863549665 does not belong environment integqa not configured or does not belong to countryCode KE","id":"0","objectCode":null,"updated_rows":0,"error_type":"","errorCode":-1,"statusCode":"400","statusCodeType":"UNKNOWN_ERROR","statusCodeMsg":"Unknown error"}
2025-11-27 06:44:40,787 [ERROR] Request error for scheme 6: 400 Client Error: Bad Request for url: https://data.smartapplicationsgroup.com/api/v2/integqa/schemes?companyName=TAFARIA+LIMITED&clnPolCode=6&startDate=2025-03-09&endDate=2026-03-08&polTypeId=1&userId=NYANGATE.MAGEMBE&countryCode=KE&policyCurrencyId=UGX&anniv=5&customerid=482646589923456863549665
2025-11-27 06:44:40,788 [ERROR] [fetch_new_schemes] Failed to sync scheme 6: Request error for scheme 6: 400 Client Error: Bad Request for url: https://data.smartapplicationsgroup.com/api/v2/integqa/schemes?companyName=TAFARIA+LIMITED&clnPolCode=6&startDate=2025-03-09&endDate=2026-03-08&polTypeId=1&userId=NYANGATE.MAGEMBE&countryCode=KE&policyCurrencyId=UGX&anniv=5&customerid=482646589923456863549665
2025-11-27 06:44:40,790 [INFO] [fetch_new_schemes] Pushing scheme 6 to Smart API
2025-11-27 06:44:41,606 [INFO] [Smart Token] HTTP 200: {"access_token":"eyJhbGciOiJIUzM4NCJ9.eyJzdWIiOiI5MSIsImlhdCI6MTc2NDIxOTU4MiwiZXhwIjoxNzY0MjI2ODAyLCJ1c2VySWQiOjkxLCJzY29wZSI6IlJFQURfV1JJVEUiLCJ1c2VyIjp7ImlkIjo5MSwidXNlcm5hbWUiOiI4Mzg5MzFiZS0yOTIxLTQ3ZTItYTAwZS0zNTZiODMzZGNlYzkiLCJmaXJzdE5hbWUiOiJNQURJU09OIEdFTkVSQUwgSU5TVVJBTkNFIEtFTllBIExJTUlURUQiLCJsYXN0TmFtZSI6bnVsbCwiZW1haWwiOm51bGwsInBob25lTnVtYmVyIjpudWxsLCJnZW5kZXIiOm51bGwsImRvYiI6bnVsbCwiY291bnRyeUNvZGUiOiJLRSIsImRldmljZU51bWJlciI6MTc1MDMyMDQ1MjI4MSwidXNlclN0YXR1cyI6bnVsbCwiZmlyZWJhc2VUb2tlbiI6bnVsbCwiaXNNb2JpbGVQcm9maWxlIjowLCJpc1dlYlByb2ZpbGUiOjAsInByb2ZpbGVQaWNQaG90byI6bnVsbCwiZGVmYXVsdEFwcElkIjpudWxsLCJkZWZhdWx0QXBwQ29kZSI6bnVsbCwiZGVmYXVsdEFwcE5hbWUiOm51bGwsInVzZXJSb2xlcyI6W119LCJjb3VudHJ5Q29kZSI6IktFIiwiY3VzdElkIjo2MTAwMDkxNCwidXNlckNvdW50cmllcyI6WyJLRSJdfQ.0W-Irvdoki9UN_s3yuH4GF1UtPAg26xwiqU7sjfROGwQIi3CGxh4Rt1iny0oC4Kj","token_type":"bearer","expires_in":22521}
2025-11-27 06:44:41,607 [INFO] [Smart Schemes API] Pushing scheme 6 to API
2025-11-27 06:44:41,681 [INFO] [Smart Schemes API] HTTP 400 for 6: {"successful":false,"status_msg":"CustomerId 482646589923456863549665 does not belong environment integqa not configured or does not belong to countryCode KE","id":"0","objectCode":null,"updated_rows":0,"error_type":"","errorCode":-1,"statusCode":"400","statusCodeType":"UNKNOWN_ERROR","statusCodeMsg":"Unknown error"}
2025-11-27 06:44:41,681 [ERROR] Request error for scheme 6: 400 Client Error: Bad Request for url: https://data.smartapplicationsgroup.com/api/v2/integqa/schemes?companyName=MATHARA+HOLDINGS+LIMITED&clnPolCode=6&startDate=2025-05-21&endDate=2026-05-20&polTypeId=1&userId=AUSTEEN.ODHIAMBO&countryCode=KE&policyCurrencyId=UGX&anniv=5&customerid=482646589923456863549665
2025-11-27 06:44:41,682 [ERROR] [fetch_new_schemes] Failed to sync scheme 6: Request error for scheme 6: 400 Client Error: Bad Request for url: https://data.smartapplicationsgroup.com/api/v2/integqa/schemes?companyName=MATHARA+HOLDINGS+LIMITED&clnPolCode=6&startDate=2025-05-21&endDate=2026-05-20&polTypeId=1&userId=AUSTEEN.ODHIAMBO&countryCode=KE&policyCurrencyId=UGX&anniv=5&customerid=482646589923456863549665
2025-11-27 06:44:41,684 [INFO] [fetch_new_schemes] Pushing scheme 6 to Smart API
2025-11-27 06:44:42,359 [INFO] [Smart Token] HTTP 200: {"access_token":"eyJhbGciOiJIUzM4NCJ9.eyJzdWIiOiI5MSIsImlhdCI6MTc2NDIxOTU4MiwiZXhwIjoxNzY0MjI2ODAyLCJ1c2VySWQiOjkxLCJzY29wZSI6IlJFQURfV1JJVEUiLCJ1c2VyIjp7ImlkIjo5MSwidXNlcm5hbWUiOiI4Mzg5MzFiZS0yOTIxLTQ3ZTItYTAwZS0zNTZiODMzZGNlYzkiLCJmaXJzdE5hbWUiOiJNQURJU09OIEdFTkVSQUwgSU5TVVJBTkNFIEtFTllBIExJTUlURUQiLCJsYXN0TmFtZSI6bnVsbCwiZW1haWwiOm51bGwsInBob25lTnVtYmVyIjpudWxsLCJnZW5kZXIiOm51bGwsImRvYiI6bnVsbCwiY291bnRyeUNvZGUiOiJLRSIsImRldmljZU51bWJlciI6MTc1MDMyMDQ1MjI4MSwidXNlclN0YXR1cyI6bnVsbCwiZmlyZWJhc2VUb2tlbiI6bnVsbCwiaXNNb2JpbGVQcm9maWxlIjowLCJpc1dlYlByb2ZpbGUiOjAsInByb2ZpbGVQaWNQaG90byI6bnVsbCwiZGVmYXVsdEFwcElkIjpudWxsLCJkZWZhdWx0QXBwQ29kZSI6bnVsbCwiZGVmYXVsdEFwcE5hbWUiOm51bGwsInVzZXJSb2xlcyI6W119LCJjb3VudHJ5Q29kZSI6IktFIiwiY3VzdElkIjo2MTAwMDkxNCwidXNlckNvdW50cmllcyI6WyJLRSJdfQ.0W-Irvdoki9UN_s3yuH4GF1UtPAg26xwiqU7sjfROGwQIi3CGxh4Rt1iny0oC4Kj","token_type":"bearer","expires_in":22520}
2025-11-27 06:44:42,364 [INFO] [Smart Schemes API] Pushing scheme 6 to API
2025-11-27 06:44:42,662 [INFO] [Smart Schemes API] HTTP 400 for 6: {"successful":false,"status_msg":"CustomerId 482646589923456863549665 does not belong environment integqa not configured or does not belong to countryCode KE","id":"0","objectCode":null,"updated_rows":0,"error_type":"","errorCode":-1,"statusCode":"400","statusCodeType":"UNKNOWN_ERROR","statusCodeMsg":"Unknown error"}
2025-11-27 06:44:42,663 [ERROR] Request error for scheme 6: 400 Client Error: Bad Request for url: https://data.smartapplicationsgroup.com/api/v2/integqa/schemes?companyName=OPTIVEN+GROUP&clnPolCode=6&startDate=2025-07-15&endDate=2026-07-14&polTypeId=1&userId=JANET.OWINO&countryCode=KE&policyCurrencyId=UGX&anniv=5&customerid=482646589923456863549665
2025-11-27 06:44:42,665 [ERROR] [fetch_new_schemes] Failed to sync scheme 6: Request error for scheme 6: 400 Client Error: Bad Request for url: https://data.smartapplicationsgroup.com/api/v2/integqa/schemes?companyName=OPTIVEN+GROUP&clnPolCode=6&startDate=2025-07-15&endDate=2026-07-14&polTypeId=1&userId=JANET.OWINO&countryCode=KE&policyCurrencyId=UGX&anniv=5&customerid=482646589923456863549665
2025-11-27 06:44:42,674 [INFO] [fetch_new_schemes] Pushing scheme 7 to Smart API
2025-11-27 06:44:43,450 [INFO] [Smart Token] HTTP 200: {"access_token":"eyJhbGciOiJIUzM4NCJ9.eyJzdWIiOiI5MSIsImlhdCI6MTc2NDIxOTU4MiwiZXhwIjoxNzY0MjI2ODAyLCJ1c2VySWQiOjkxLCJzY29wZSI6IlJFQURfV1JJVEUiLCJ1c2VyIjp7ImlkIjo5MSwidXNlcm5hbWUiOiI4Mzg5MzFiZS0yOTIxLTQ3ZTItYTAwZS0zNTZiODMzZGNlYzkiLCJmaXJzdE5hbWUiOiJNQURJU09OIEdFTkVSQUwgSU5TVVJBTkNFIEtFTllBIExJTUlURUQiLCJsYXN0TmFtZSI6bnVsbCwiZW1haWwiOm51bGwsInBob25lTnVtYmVyIjpudWxsLCJnZW5kZXIiOm51bGwsImRvYiI6bnVsbCwiY291bnRyeUNvZGUiOiJLRSIsImRldmljZU51bWJlciI6MTc1MDMyMDQ1MjI4MSwidXNlclN0YXR1cyI6bnVsbCwiZmlyZWJhc2VUb2tlbiI6bnVsbCwiaXNNb2JpbGVQcm9maWxlIjowLCJpc1dlYlByb2ZpbGUiOjAsInByb2ZpbGVQaWNQaG90byI6bnVsbCwiZGVmYXVsdEFwcElkIjpudWxsLCJkZWZhdWx0QXBwQ29kZSI6bnVsbCwiZGVmYXVsdEFwcE5hbWUiOm51bGwsInVzZXJSb2xlcyI6W119LCJjb3VudHJ5Q29kZSI6IktFIiwiY3VzdElkIjo2MTAwMDkxNCwidXNlckNvdW50cmllcyI6WyJLRSJdfQ.0W-Irvdoki9UN_s3yuH4GF1UtPAg26xwiqU7sjfROGwQIi3CGxh4Rt1iny0oC4Kj","token_type":"bearer","expires_in":22519}
2025-11-27 06:44:43,454 [INFO] [Smart Schemes API] Pushing scheme 7 to API
2025-11-27 06:44:43,738 [INFO] [Smart Schemes API] HTTP 400 for 7: {"successful":false,"status_msg":"CustomerId 482646589923456863549665 does not belong environment integqa not configured or does not belong to countryCode KE","id":"0","objectCode":null,"updated_rows":0,"error_type":"","errorCode":-1,"statusCode":"400","statusCodeType":"UNKNOWN_ERROR","statusCodeMsg":"Unknown error"}
2025-11-27 06:44:43,738 [ERROR] Request error for scheme 7: 400 Client Error: Bad Request for url: https://data.smartapplicationsgroup.com/api/v2/integqa/schemes?companyName=ARWA+AND+CHANGE+ADVOCATES+LLP&clnPolCode=7&startDate=2025-07-02&endDate=2026-07-01&polTypeId=1&userId=JANET.OWINO&countryCode=KE&policyCurrencyId=UGX&anniv=5&customerid=482646589923456863549665
2025-11-27 06:44:43,741 [ERROR] [fetch_new_schemes] Failed to sync scheme 7: Request error for scheme 7: 400 Client Error: Bad Request for url: https://data.smartapplicationsgroup.com/api/v2/integqa/schemes?companyName=ARWA+AND+CHANGE+ADVOCATES+LLP&clnPolCode=7&startDate=2025-07-02&endDate=2026-07-01&polTypeId=1&userId=JANET.OWINO&countryCode=KE&policyCurrencyId=UGX&anniv=5&customerid=482646589923456863549665
2025-11-27 06:44:43,749 [INFO] [fetch_new_schemes] Pushing scheme 6 to Smart API
2025-11-27 06:44:44,678 [INFO] [Smart Token] HTTP 200: {"access_token":"eyJhbGciOiJIUzM4NCJ9.eyJzdWIiOiI5MSIsImlhdCI6MTc2NDIxOTU4MiwiZXhwIjoxNzY0MjI2ODAyLCJ1c2VySWQiOjkxLCJzY29wZSI6IlJFQURfV1JJVEUiLCJ1c2VyIjp7ImlkIjo5MSwidXNlcm5hbWUiOiI4Mzg5MzFiZS0yOTIxLTQ3ZTItYTAwZS0zNTZiODMzZGNlYzkiLCJmaXJzdE5hbWUiOiJNQURJU09OIEdFTkVSQUwgSU5TVVJBTkNFIEtFTllBIExJTUlURUQiLCJsYXN0TmFtZSI6bnVsbCwiZW1haWwiOm51bGwsInBob25lTnVtYmVyIjpudWxsLCJnZW5kZXIiOm51bGwsImRvYiI6bnVsbCwiY291bnRyeUNvZGUiOiJLRSIsImRldmljZU51bWJlciI6MTc1MDMyMDQ1MjI4MSwidXNlclN0YXR1cyI6bnVsbCwiZmlyZWJhc2VUb2tlbiI6bnVsbCwiaXNNb2JpbGVQcm9maWxlIjowLCJpc1dlYlByb2ZpbGUiOjAsInByb2ZpbGVQaWNQaG90byI6bnVsbCwiZGVmYXVsdEFwcElkIjpudWxsLCJkZWZhdWx0QXBwQ29kZSI6bnVsbCwiZGVmYXVsdEFwcE5hbWUiOm51bGwsInVzZXJSb2xlcyI6W119LCJjb3VudHJ5Q29kZSI6IktFIiwiY3VzdElkIjo2MTAwMDkxNCwidXNlckNvdW50cmllcyI6WyJLRSJdfQ.0W-Irvdoki9UN_s3yuH4GF1UtPAg26xwiqU7sjfROGwQIi3CGxh4Rt1iny0oC4Kj","token_type":"bearer","expires_in":22518}
2025-11-27 06:44:44,682 [INFO] [Smart Schemes API] Pushing scheme 6 to API
2025-11-27 06:44:44,786 [INFO] [Smart Schemes API] HTTP 400 for 6: {"successful":false,"status_msg":"CustomerId 482646589923456863549665 does not belong environment integqa not configured or does not belong to countryCode KE","id":"0","objectCode":null,"updated_rows":0,"error_type":"","errorCode":-1,"statusCode":"400","statusCodeType":"UNKNOWN_ERROR","statusCodeMsg":"Unknown error"}
2025-11-27 06:44:44,786 [ERROR] Request error for scheme 6: 400 Client Error: Bad Request for url: https://data.smartapplicationsgroup.com/api/v2/integqa/schemes?companyName=KAMCAN+PROPERTIES+LIMITED&clnPolCode=6&startDate=2025-09-03&endDate=2026-09-02&polTypeId=1&userId=EDWARD.KOGANGA&countryCode=KE&policyCurrencyId=UGX&anniv=5&customerid=482646589923456863549665
2025-11-27 06:44:44,789 [ERROR] [fetch_new_schemes] Failed to sync scheme 6: Request error for scheme 6: 400 Client Error: Bad Request for url: https://data.smartapplicationsgroup.com/api/v2/integqa/schemes?companyName=KAMCAN+PROPERTIES+LIMITED&clnPolCode=6&startDate=2025-09-03&endDate=2026-09-02&polTypeId=1&userId=EDWARD.KOGANGA&countryCode=KE&policyCurrencyId=UGX&anniv=5&customerid=482646589923456863549665
2025-11-27 06:44:44,797 [INFO] [fetch_new_schemes] Pushing scheme 6 to Smart API
2025-11-27 06:44:45,502 [INFO] [Smart Token] HTTP 200: {"access_token":"eyJhbGciOiJIUzM4NCJ9.eyJzdWIiOiI5MSIsImlhdCI6MTc2NDIxOTU4MiwiZXhwIjoxNzY0MjI2ODAyLCJ1c2VySWQiOjkxLCJzY29wZSI6IlJFQURfV1JJVEUiLCJ1c2VyIjp7ImlkIjo5MSwidXNlcm5hbWUiOiI4Mzg5MzFiZS0yOTIxLTQ3ZTItYTAwZS0zNTZiODMzZGNlYzkiLCJmaXJzdE5hbWUiOiJNQURJU09OIEdFTkVSQUwgSU5TVVJBTkNFIEtFTllBIExJTUlURUQiLCJsYXN0TmFtZSI6bnVsbCwiZW1haWwiOm51bGwsInBob25lTnVtYmVyIjpudWxsLCJnZW5kZXIiOm51bGwsImRvYiI6bnVsbCwiY291bnRyeUNvZGUiOiJLRSIsImRldmljZU51bWJlciI6MTc1MDMyMDQ1MjI4MSwidXNlclN0YXR1cyI6bnVsbCwiZmlyZWJhc2VUb2tlbiI6bnVsbCwiaXNNb2JpbGVQcm9maWxlIjowLCJpc1dlYlByb2ZpbGUiOjAsInByb2ZpbGVQaWNQaG90byI6bnVsbCwiZGVmYXVsdEFwcElkIjpudWxsLCJkZWZhdWx0QXBwQ29kZSI6bnVsbCwiZGVmYXVsdEFwcE5hbWUiOm51bGwsInVzZXJSb2xlcyI6W119LCJjb3VudHJ5Q29kZSI6IktFIiwiY3VzdElkIjo2MTAwMDkxNCwidXNlckNvdW50cmllcyI6WyJLRSJdfQ.0W-Irvdoki9UN_s3yuH4GF1UtPAg26xwiqU7sjfROGwQIi3CGxh4Rt1iny0oC4Kj","token_type":"bearer","expires_in":22517}
2025-11-27 06:44:45,506 [INFO] [Smart Schemes API] Pushing scheme 6 to API
2025-11-27 06:44:45,795 [INFO] [Smart Schemes API] HTTP 400 for 6: {"successful":false,"status_msg":"CustomerId 482646589923456863549665 does not belong environment integqa not configured or does not belong to countryCode KE","id":"0","objectCode":null,"updated_rows":0,"error_type":"","errorCode":-1,"statusCode":"400","statusCodeType":"UNKNOWN_ERROR","statusCodeMsg":"Unknown error"}
2025-11-27 06:44:45,795 [ERROR] Request error for scheme 6: 400 Client Error: Bad Request for url: https://data.smartapplicationsgroup.com/api/v2/integqa/schemes?companyName=ABERCROMBIE+%26+KENT+-+RWANDA&clnPolCode=6&startDate=2025-01-01&endDate=2025-12-31&polTypeId=1&userId=EDWARD.KOGANGA&countryCode=KE&policyCurrencyId=UGX&anniv=4&customerid=482646589923456863549665
2025-11-27 06:44:45,799 [ERROR] [fetch_new_schemes] Failed to sync scheme 6: Request error for scheme 6: 400 Client Error: Bad Request for url: https://data.smartapplicationsgroup.com/api/v2/integqa/schemes?companyName=ABERCROMBIE+%26+KENT+-+RWANDA&clnPolCode=6&startDate=2025-01-01&endDate=2025-12-31&polTypeId=1&userId=EDWARD.KOGANGA&countryCode=KE&policyCurrencyId=UGX&anniv=4&customerid=482646589923456863549665
2025-11-27 06:44:45,806 [INFO] [fetch_new_schemes] Pushing scheme 6 to Smart API
2025-11-27 06:44:46,522 [INFO] [Smart Token] HTTP 200: {"access_token":"eyJhbGciOiJIUzM4NCJ9.eyJzdWIiOiI5MSIsImlhdCI6MTc2NDIxOTU4MiwiZXhwIjoxNzY0MjI2ODAyLCJ1c2VySWQiOjkxLCJzY29wZSI6IlJFQURfV1JJVEUiLCJ1c2VyIjp7ImlkIjo5MSwidXNlcm5hbWUiOiI4Mzg5MzFiZS0yOTIxLTQ3ZTItYTAwZS0zNTZiODMzZGNlYzkiLCJmaXJzdE5hbWUiOiJNQURJU09OIEdFTkVSQUwgSU5TVVJBTkNFIEtFTllBIExJTUlURUQiLCJsYXN0TmFtZSI6bnVsbCwiZW1haWwiOm51bGwsInBob25lTnVtYmVyIjpudWxsLCJnZW5kZXIiOm51bGwsImRvYiI6bnVsbCwiY291bnRyeUNvZGUiOiJLRSIsImRldmljZU51bWJlciI6MTc1MDMyMDQ1MjI4MSwidXNlclN0YXR1cyI6bnVsbCwiZmlyZWJhc2VUb2tlbiI6bnVsbCwiaXNNb2JpbGVQcm9maWxlIjowLCJpc1dlYlByb2ZpbGUiOjAsInByb2ZpbGVQaWNQaG90byI6bnVsbCwiZGVmYXVsdEFwcElkIjpudWxsLCJkZWZhdWx0QXBwQ29kZSI6bnVsbCwiZGVmYXVsdEFwcE5hbWUiOm51bGwsInVzZXJSb2xlcyI6W119LCJjb3VudHJ5Q29kZSI6IktFIiwiY3VzdElkIjo2MTAwMDkxNCwidXNlckNvdW50cmllcyI6WyJLRSJdfQ.0W-Irvdoki9UN_s3yuH4GF1UtPAg26xwiqU7sjfROGwQIi3CGxh4Rt1iny0oC4Kj","token_type":"bearer","expires_in":22516}
2025-11-27 06:44:46,526 [INFO] [Smart Schemes API] Pushing scheme 6 to API
2025-11-27 06:44:46,827 [INFO] [Smart Schemes API] HTTP 400 for 6: {"successful":false,"status_msg":"CustomerId 482646589923456863549665 does not belong environment integqa not configured or does not belong to countryCode KE","id":"0","objectCode":null,"updated_rows":0,"error_type":"","errorCode":-1,"statusCode":"400","statusCodeType":"UNKNOWN_ERROR","statusCodeMsg":"Unknown error"}
2025-11-27 06:44:46,827 [ERROR] Request error for scheme 6: 400 Client Error: Bad Request for url: https://data.smartapplicationsgroup.com/api/v2/integqa/schemes?companyName=TANA+%26ATHI+RIVERS+DEVELOPMENT+AUTHORITY&clnPolCode=6&startDate=2025-07-14&endDate=2026-07-13&polTypeId=1&userId=jkaroki&countryCode=KE&policyCurrencyId=UGX&anniv=1&customerid=482646589923456863549665
2025-11-27 06:44:46,831 [ERROR] [fetch_new_schemes] Failed to sync scheme 6: Request error for scheme 6: 400 Client Error: Bad Request for url: https://data.smartapplicationsgroup.com/api/v2/integqa/schemes?companyName=TANA+%26ATHI+RIVERS+DEVELOPMENT+AUTHORITY&clnPolCode=6&startDate=2025-07-14&endDate=2026-07-13&polTypeId=1&userId=jkaroki&countryCode=KE&policyCurrencyId=UGX&anniv=1&customerid=482646589923456863549665
2025-11-27 06:44:46,839 [INFO] [fetch_new_schemes] Pushing scheme 6 to Smart API
2025-11-27 06:44:47,546 [INFO] [Smart Token] HTTP 200: {"access_token":"eyJhbGciOiJIUzM4NCJ9.eyJzdWIiOiI5MSIsImlhdCI6MTc2NDIxOTU4MiwiZXhwIjoxNzY0MjI2ODAyLCJ1c2VySWQiOjkxLCJzY29wZSI6IlJFQURfV1JJVEUiLCJ1c2VyIjp7ImlkIjo5MSwidXNlcm5hbWUiOiI4Mzg5MzFiZS0yOTIxLTQ3ZTItYTAwZS0zNTZiODMzZGNlYzkiLCJmaXJzdE5hbWUiOiJNQURJU09OIEdFTkVSQUwgSU5TVVJBTkNFIEtFTllBIExJTUlURUQiLCJsYXN0TmFtZSI6bnVsbCwiZW1haWwiOm51bGwsInBob25lTnVtYmVyIjpudWxsLCJnZW5kZXIiOm51bGwsImRvYiI6bnVsbCwiY291bnRyeUNvZGUiOiJLRSIsImRldmljZU51bWJlciI6MTc1MDMyMDQ1MjI4MSwidXNlclN0YXR1cyI6bnVsbCwiZmlyZWJhc2VUb2tlbiI6bnVsbCwiaXNNb2JpbGVQcm9maWxlIjowLCJpc1dlYlByb2ZpbGUiOjAsInByb2ZpbGVQaWNQaG90byI6bnVsbCwiZGVmYXVsdEFwcElkIjpudWxsLCJkZWZhdWx0QXBwQ29kZSI6bnVsbCwiZGVmYXVsdEFwcE5hbWUiOm51bGwsInVzZXJSb2xlcyI6W119LCJjb3VudHJ5Q29kZSI6IktFIiwiY3VzdElkIjo2MTAwMDkxNCwidXNlckNvdW50cmllcyI6WyJLRSJdfQ.0W-Irvdoki9UN_s3yuH4GF1UtPAg26xwiqU7sjfROGwQIi3CGxh4Rt1iny0oC4Kj","token_type":"bearer","expires_in":22515}
2025-11-27 06:44:47,550 [INFO] [Smart Schemes API] Pushing scheme 6 to API
2025-11-27 06:44:47,851 [INFO] [Smart Schemes API] HTTP 400 for 6: {"successful":false,"status_msg":"CustomerId 482646589923456863549665 does not belong environment integqa not configured or does not belong to countryCode KE","id":"0","objectCode":null,"updated_rows":0,"error_type":"","errorCode":-1,"statusCode":"400","statusCodeType":"UNKNOWN_ERROR","statusCodeMsg":"Unknown error"}
2025-11-27 06:44:47,852 [ERROR] Request error for scheme 6: 400 Client Error: Bad Request for url: https://data.smartapplicationsgroup.com/api/v2/integqa/schemes?companyName=MARGARET+AND+ADVOCATES&clnPolCode=6&startDate=2025-11-26&endDate=2026-11-25&polTypeId=1&userId=KAMAU.MARGARET&countryCode=KE&policyCurrencyId=UGX&anniv=1&customerid=482646589923456863549665
2025-11-27 06:44:47,855 [ERROR] [fetch_new_schemes] Failed to sync scheme 6: Request error for scheme 6: 400 Client Error: Bad Request for url: https://data.smartapplicationsgroup.com/api/v2/integqa/schemes?companyName=MARGARET+AND+ADVOCATES&clnPolCode=6&startDate=2025-11-26&endDate=2026-11-25&polTypeId=1&userId=KAMAU.MARGARET&countryCode=KE&policyCurrencyId=UGX&anniv=1&customerid=482646589923456863549665
2025-11-27 06:44:47,863 [INFO] [fetch_new_schemes] Pushing scheme 6 to Smart API
2025-11-27 06:44:48,663 [INFO] [Smart Token] HTTP 200: {"access_token":"eyJhbGciOiJIUzM4NCJ9.eyJzdWIiOiI5MSIsImlhdCI6MTc2NDIxOTU4MiwiZXhwIjoxNzY0MjI2ODAyLCJ1c2VySWQiOjkxLCJzY29wZSI6IlJFQURfV1JJVEUiLCJ1c2VyIjp7ImlkIjo5MSwidXNlcm5hbWUiOiI4Mzg5MzFiZS0yOTIxLTQ3ZTItYTAwZS0zNTZiODMzZGNlYzkiLCJmaXJzdE5hbWUiOiJNQURJU09OIEdFTkVSQUwgSU5TVVJBTkNFIEtFTllBIExJTUlURUQiLCJsYXN0TmFtZSI6bnVsbCwiZW1haWwiOm51bGwsInBob25lTnVtYmVyIjpudWxsLCJnZW5kZXIiOm51bGwsImRvYiI6bnVsbCwiY291bnRyeUNvZGUiOiJLRSIsImRldmljZU51bWJlciI6MTc1MDMyMDQ1MjI4MSwidXNlclN0YXR1cyI6bnVsbCwiZmlyZWJhc2VUb2tlbiI6bnVsbCwiaXNNb2JpbGVQcm9maWxlIjowLCJpc1dlYlByb2ZpbGUiOjAsInByb2ZpbGVQaWNQaG90byI6bnVsbCwiZGVmYXVsdEFwcElkIjpudWxsLCJkZWZhdWx0QXBwQ29kZSI6bnVsbCwiZGVmYXVsdEFwcE5hbWUiOm51bGwsInVzZXJSb2xlcyI6W119LCJjb3VudHJ5Q29kZSI6IktFIiwiY3VzdElkIjo2MTAwMDkxNCwidXNlckNvdW50cmllcyI6WyJLRSJdfQ.0W-Irvdoki9UN_s3yuH4GF1UtPAg26xwiqU7sjfROGwQIi3CGxh4Rt1iny0oC4Kj","token_type":"bearer","expires_in":22514}
2025-11-27 06:44:48,667 [INFO] [Smart Schemes API] Pushing scheme 6 to API
2025-11-27 06:44:48,884 [INFO] [Smart Schemes API] HTTP 400 for 6: {"successful":false,"status_msg":"CustomerId 482646589923456863549665 does not belong environment integqa not configured or does not belong to countryCode KE","id":"0","objectCode":null,"updated_rows":0,"error_type":"","errorCode":-1,"statusCode":"400","statusCodeType":"UNKNOWN_ERROR","statusCodeMsg":"Unknown error"}
2025-11-27 06:44:48,884 [ERROR] Request error for scheme 6: 400 Client Error: Bad Request for url: https://data.smartapplicationsgroup.com/api/v2/integqa/schemes?companyName=MARGARET+AND+ADVOCATES&clnPolCode=6&startDate=2025-11-26&endDate=2026-11-25&polTypeId=1&userId=KAMAU.MARGARET&countryCode=KE&policyCurrencyId=UGX&anniv=1&customerid=482646589923456863549665
2025-11-27 06:44:48,885 [ERROR] [fetch_new_schemes] Failed to sync scheme 6: Request error for scheme 6: 400 Client Error: Bad Request for url: https://data.smartapplicationsgroup.com/api/v2/integqa/schemes?companyName=MARGARET+AND+ADVOCATES&clnPolCode=6&startDate=2025-11-26&endDate=2026-11-25&polTypeId=1&userId=KAMAU.MARGARET&countryCode=KE&policyCurrencyId=UGX&anniv=1&customerid=482646589923456863549665
2025-11-27 06:44:55,147 [WARNING] [fetch_new_schemes] Completed with 13 failed syncs
2025-11-27 06:44:55,148 [INFO] [fetch_new_schemes] Process completed: 13 staged, 0 synced to API
2025-11-27 06:47:41,048 [INFO] [fetch_new_schemes] Starting scheme fetch and sync process
2025-11-27 06:47:41,117 [INFO] [fetch_new_schemes] Fetched 13 schemes from MSSQL
2025-11-27 06:47:41,137 [INFO] [fetch_new_schemes] Pushing scheme 7 to Smart API
2025-11-27 06:47:41,970 [INFO] [Smart Token] HTTP 200: {"access_token":"eyJhbGciOiJIUzM4NCJ9.eyJzdWIiOiI5MSIsImlhdCI6MTc2NDIxOTU4MiwiZXhwIjoxNzY0MjI2ODAyLCJ1c2VySWQiOjkxLCJzY29wZSI6IlJFQURfV1JJVEUiLCJ1c2VyIjp7ImlkIjo5MSwidXNlcm5hbWUiOiI4Mzg5MzFiZS0yOTIxLTQ3ZTItYTAwZS0zNTZiODMzZGNlYzkiLCJmaXJzdE5hbWUiOiJNQURJU09OIEdFTkVSQUwgSU5TVVJBTkNFIEtFTllBIExJTUlURUQiLCJsYXN0TmFtZSI6bnVsbCwiZW1haWwiOm51bGwsInBob25lTnVtYmVyIjpudWxsLCJnZW5kZXIiOm51bGwsImRvYiI6bnVsbCwiY291bnRyeUNvZGUiOiJLRSIsImRldmljZU51bWJlciI6MTc1MDMyMDQ1MjI4MSwidXNlclN0YXR1cyI6bnVsbCwiZmlyZWJhc2VUb2tlbiI6bnVsbCwiaXNNb2JpbGVQcm9maWxlIjowLCJpc1dlYlByb2ZpbGUiOjAsInByb2ZpbGVQaWNQaG90byI6bnVsbCwiZGVmYXVsdEFwcElkIjpudWxsLCJkZWZhdWx0QXBwQ29kZSI6bnVsbCwiZGVmYXVsdEFwcE5hbWUiOm51bGwsInVzZXJSb2xlcyI6W119LCJjb3VudHJ5Q29kZSI6IktFIiwiY3VzdElkIjo2MTAwMDkxNCwidXNlckNvdW50cmllcyI6WyJLRSJdfQ.0W-Irvdoki9UN_s3yuH4GF1UtPAg26xwiqU7sjfROGwQIi3CGxh4Rt1iny0oC4Kj","token_type":"bearer","expires_in":22340}
2025-11-27 06:47:41,972 [INFO] [Smart Schemes API] Pushing scheme 7 to API
2025-11-27 06:47:42,062 [INFO] [Smart Schemes API] HTTP 400 for 7: {"successful":false,"status_msg":"CustomerId 482646589923456863549665 does not belong environment integqa not configured or does not belong to countryCode KE","id":"0","objectCode":null,"updated_rows":0,"error_type":"","errorCode":-1,"statusCode":"400","statusCodeType":"UNKNOWN_ERROR","statusCodeMsg":"Unknown error"}
2025-11-27 06:47:42,062 [ERROR] Request error for scheme 7: 400 Client Error: Bad Request for url: https://data.smartapplicationsgroup.com/api/v2/integqa/schemes?companyName=ACCIONA+CONSTRUCCION+S.A&clnPolCode=7&startDate=2024-12-13&endDate=2025-12-12&polTypeId=1&userId=DMOSE&countryCode=KE&policyCurrencyId=KES&anniv=5&customerid=482646589923456863549665
2025-11-27 06:47:42,065 [ERROR] [fetch_new_schemes] Failed to sync scheme 7: Request error for scheme 7: 400 Client Error: Bad Request for url: https://data.smartapplicationsgroup.com/api/v2/integqa/schemes?companyName=ACCIONA+CONSTRUCCION+S.A&clnPolCode=7&startDate=2024-12-13&endDate=2025-12-12&polTypeId=1&userId=DMOSE&countryCode=KE&policyCurrencyId=KES&anniv=5&customerid=482646589923456863549665
2025-11-27 06:47:42,069 [INFO] [fetch_new_schemes] Pushing scheme 7 to Smart API
2025-11-27 06:47:42,726 [INFO] [Smart Token] HTTP 200: {"access_token":"eyJhbGciOiJIUzM4NCJ9.eyJzdWIiOiI5MSIsImlhdCI6MTc2NDIxOTU4MiwiZXhwIjoxNzY0MjI2ODAyLCJ1c2VySWQiOjkxLCJzY29wZSI6IlJFQURfV1JJVEUiLCJ1c2VyIjp7ImlkIjo5MSwidXNlcm5hbWUiOiI4Mzg5MzFiZS0yOTIxLTQ3ZTItYTAwZS0zNTZiODMzZGNlYzkiLCJmaXJzdE5hbWUiOiJNQURJU09OIEdFTkVSQUwgSU5TVVJBTkNFIEtFTllBIExJTUlURUQiLCJsYXN0TmFtZSI6bnVsbCwiZW1haWwiOm51bGwsInBob25lTnVtYmVyIjpudWxsLCJnZW5kZXIiOm51bGwsImRvYiI6bnVsbCwiY291bnRyeUNvZGUiOiJLRSIsImRldmljZU51bWJlciI6MTc1MDMyMDQ1MjI4MSwidXNlclN0YXR1cyI6bnVsbCwiZmlyZWJhc2VUb2tlbiI6bnVsbCwiaXNNb2JpbGVQcm9maWxlIjowLCJpc1dlYlByb2ZpbGUiOjAsInByb2ZpbGVQaWNQaG90byI6bnVsbCwiZGVmYXVsdEFwcElkIjpudWxsLCJkZWZhdWx0QXBwQ29kZSI6bnVsbCwiZGVmYXVsdEFwcE5hbWUiOm51bGwsInVzZXJSb2xlcyI6W119LCJjb3VudHJ5Q29kZSI6IktFIiwiY3VzdElkIjo2MTAwMDkxNCwidXNlckNvdW50cmllcyI6WyJLRSJdfQ.0W-Irvdoki9UN_s3yuH4GF1UtPAg26xwiqU7sjfROGwQIi3CGxh4Rt1iny0oC4Kj","token_type":"bearer","expires_in":22340}
2025-11-27 06:47:42,727 [INFO] [Smart Schemes API] Pushing scheme 7 to API
2025-11-27 06:47:42,958 [INFO] [Smart Schemes API] HTTP 400 for 7: {"successful":false,"status_msg":"CustomerId 482646589923456863549665 does not belong environment integqa not configured or does not belong to countryCode KE","id":"0","objectCode":null,"updated_rows":0,"error_type":"","errorCode":-1,"statusCode":"400","statusCodeType":"UNKNOWN_ERROR","statusCodeMsg":"Unknown error"}
2025-11-27 06:47:42,958 [ERROR] Request error for scheme 7: 400 Client Error: Bad Request for url: https://data.smartapplicationsgroup.com/api/v2/integqa/schemes?companyName=WETLANDS+INTERNATIONAL+EAST+AFRICA&clnPolCode=7&startDate=2024-12-30&endDate=2025-12-29&polTypeId=1&userId=DMOSE&countryCode=KE&policyCurrencyId=KES&anniv=5&customerid=482646589923456863549665
2025-11-27 06:47:42,959 [ERROR] [fetch_new_schemes] Failed to sync scheme 7: Request error for scheme 7: 400 Client Error: Bad Request for url: https://data.smartapplicationsgroup.com/api/v2/integqa/schemes?companyName=WETLANDS+INTERNATIONAL+EAST+AFRICA&clnPolCode=7&startDate=2024-12-30&endDate=2025-12-29&polTypeId=1&userId=DMOSE&countryCode=KE&policyCurrencyId=KES&anniv=5&customerid=482646589923456863549665
2025-11-27 06:47:42,961 [INFO] [fetch_new_schemes] Pushing scheme 6 to Smart API
2025-11-27 06:47:43,676 [INFO] [Smart Token] HTTP 200: {"access_token":"eyJhbGciOiJIUzM4NCJ9.eyJzdWIiOiI5MSIsImlhdCI6MTc2NDIxOTU4MiwiZXhwIjoxNzY0MjI2ODAyLCJ1c2VySWQiOjkxLCJzY29wZSI6IlJFQURfV1JJVEUiLCJ1c2VyIjp7ImlkIjo5MSwidXNlcm5hbWUiOiI4Mzg5MzFiZS0yOTIxLTQ3ZTItYTAwZS0zNTZiODMzZGNlYzkiLCJmaXJzdE5hbWUiOiJNQURJU09OIEdFTkVSQUwgSU5TVVJBTkNFIEtFTllBIExJTUlURUQiLCJsYXN0TmFtZSI6bnVsbCwiZW1haWwiOm51bGwsInBob25lTnVtYmVyIjpudWxsLCJnZW5kZXIiOm51bGwsImRvYiI6bnVsbCwiY291bnRyeUNvZGUiOiJLRSIsImRldmljZU51bWJlciI6MTc1MDMyMDQ1MjI4MSwidXNlclN0YXR1cyI6bnVsbCwiZmlyZWJhc2VUb2tlbiI6bnVsbCwiaXNNb2JpbGVQcm9maWxlIjowLCJpc1dlYlByb2ZpbGUiOjAsInByb2ZpbGVQaWNQaG90byI6bnVsbCwiZGVmYXVsdEFwcElkIjpudWxsLCJkZWZhdWx0QXBwQ29kZSI6bnVsbCwiZGVmYXVsdEFwcE5hbWUiOm51bGwsInVzZXJSb2xlcyI6W119LCJjb3VudHJ5Q29kZSI6IktFIiwiY3VzdElkIjo2MTAwMDkxNCwidXNlckNvdW50cmllcyI6WyJLRSJdfQ.0W-Irvdoki9UN_s3yuH4GF1UtPAg26xwiqU7sjfROGwQIi3CGxh4Rt1iny0oC4Kj","token_type":"bearer","expires_in":22339}
2025-11-27 06:47:43,678 [INFO] [Smart Schemes API] Pushing scheme 6 to API
2025-11-27 06:47:43,778 [INFO] [Smart Schemes API] HTTP 400 for 6: {"successful":false,"status_msg":"CustomerId 482646589923456863549665 does not belong environment integqa not configured or does not belong to countryCode KE","id":"0","objectCode":null,"updated_rows":0,"error_type":"","errorCode":-1,"statusCode":"400","statusCodeType":"UNKNOWN_ERROR","statusCodeMsg":"Unknown error"}
2025-11-27 06:47:43,780 [ERROR] Request error for scheme 6: 400 Client Error: Bad Request for url: https://data.smartapplicationsgroup.com/api/v2/integqa/schemes?companyName=WORLDSERVE+INTERNATIONAL+KENYA&clnPolCode=6&startDate=2025-03-17&endDate=2026-03-16&polTypeId=1&userId=PAMAI&countryCode=KE&policyCurrencyId=KES&anniv=5&customerid=482646589923456863549665
2025-11-27 06:47:43,782 [ERROR] [fetch_new_schemes] Failed to sync scheme 6: Request error for scheme 6: 400 Client Error: Bad Request for url: https://data.smartapplicationsgroup.com/api/v2/integqa/schemes?companyName=WORLDSERVE+INTERNATIONAL+KENYA&clnPolCode=6&startDate=2025-03-17&endDate=2026-03-16&polTypeId=1&userId=PAMAI&countryCode=KE&policyCurrencyId=KES&anniv=5&customerid=482646589923456863549665
2025-11-27 06:47:43,786 [INFO] [fetch_new_schemes] Pushing scheme 6 to Smart API
2025-11-27 06:47:44,293 [INFO] [Smart Token] HTTP 200: {"access_token":"eyJhbGciOiJIUzM4NCJ9.eyJzdWIiOiI5MSIsImlhdCI6MTc2NDIxOTU4MiwiZXhwIjoxNzY0MjI2ODAyLCJ1c2VySWQiOjkxLCJzY29wZSI6IlJFQURfV1JJVEUiLCJ1c2VyIjp7ImlkIjo5MSwidXNlcm5hbWUiOiI4Mzg5MzFiZS0yOTIxLTQ3ZTItYTAwZS0zNTZiODMzZGNlYzkiLCJmaXJzdE5hbWUiOiJNQURJU09OIEdFTkVSQUwgSU5TVVJBTkNFIEtFTllBIExJTUlURUQiLCJsYXN0TmFtZSI6bnVsbCwiZW1haWwiOm51bGwsInBob25lTnVtYmVyIjpudWxsLCJnZW5kZXIiOm51bGwsImRvYiI6bnVsbCwiY291bnRyeUNvZGUiOiJLRSIsImRldmljZU51bWJlciI6MTc1MDMyMDQ1MjI4MSwidXNlclN0YXR1cyI6bnVsbCwiZmlyZWJhc2VUb2tlbiI6bnVsbCwiaXNNb2JpbGVQcm9maWxlIjowLCJpc1dlYlByb2ZpbGUiOjAsInByb2ZpbGVQaWNQaG90byI6bnVsbCwiZGVmYXVsdEFwcElkIjpudWxsLCJkZWZhdWx0QXBwQ29kZSI6bnVsbCwiZGVmYXVsdEFwcE5hbWUiOm51bGwsInVzZXJSb2xlcyI6W119LCJjb3VudHJ5Q29kZSI6IktFIiwiY3VzdElkIjo2MTAwMDkxNCwidXNlckNvdW50cmllcyI6WyJLRSJdfQ.0W-Irvdoki9UN_s3yuH4GF1UtPAg26xwiqU7sjfROGwQIi3CGxh4Rt1iny0oC4Kj","token_type":"bearer","expires_in":22338}
2025-11-27 06:47:44,295 [INFO] [Smart Schemes API] Pushing scheme 6 to API
2025-11-27 06:47:44,357 [INFO] [Smart Schemes API] HTTP 400 for 6: {"successful":false,"status_msg":"CustomerId 482646589923456863549665 does not belong environment integqa not configured or does not belong to countryCode KE","id":"0","objectCode":null,"updated_rows":0,"error_type":"","errorCode":-1,"statusCode":"400","statusCodeType":"UNKNOWN_ERROR","statusCodeMsg":"Unknown error"}
2025-11-27 06:47:44,357 [ERROR] Request error for scheme 6: 400 Client Error: Bad Request for url: https://data.smartapplicationsgroup.com/api/v2/integqa/schemes?companyName=AFRICAN+BANKING+CORPORATION+LTD&clnPolCode=6&startDate=2025-03-01&endDate=2026-02-28&polTypeId=1&userId=DMOSE&countryCode=KE&policyCurrencyId=KES&anniv=5&customerid=482646589923456863549665
2025-11-27 06:47:44,358 [ERROR] [fetch_new_schemes] Failed to sync scheme 6: Request error for scheme 6: 400 Client Error: Bad Request for url: https://data.smartapplicationsgroup.com/api/v2/integqa/schemes?companyName=AFRICAN+BANKING+CORPORATION+LTD&clnPolCode=6&startDate=2025-03-01&endDate=2026-02-28&polTypeId=1&userId=DMOSE&countryCode=KE&policyCurrencyId=KES&anniv=5&customerid=482646589923456863549665
2025-11-27 06:47:44,362 [INFO] [fetch_new_schemes] Pushing scheme 6 to Smart API
2025-11-27 06:47:45,113 [INFO] [Smart Token] HTTP 200: {"access_token":"eyJhbGciOiJIUzM4NCJ9.eyJzdWIiOiI5MSIsImlhdCI6MTc2NDIxOTU4MiwiZXhwIjoxNzY0MjI2ODAyLCJ1c2VySWQiOjkxLCJzY29wZSI6IlJFQURfV1JJVEUiLCJ1c2VyIjp7ImlkIjo5MSwidXNlcm5hbWUiOiI4Mzg5MzFiZS0yOTIxLTQ3ZTItYTAwZS0zNTZiODMzZGNlYzkiLCJmaXJzdE5hbWUiOiJNQURJU09OIEdFTkVSQUwgSU5TVVJBTkNFIEtFTllBIExJTUlURUQiLCJsYXN0TmFtZSI6bnVsbCwiZW1haWwiOm51bGwsInBob25lTnVtYmVyIjpudWxsLCJnZW5kZXIiOm51bGwsImRvYiI6bnVsbCwiY291bnRyeUNvZGUiOiJLRSIsImRldmljZU51bWJlciI6MTc1MDMyMDQ1MjI4MSwidXNlclN0YXR1cyI6bnVsbCwiZmlyZWJhc2VUb2tlbiI6bnVsbCwiaXNNb2JpbGVQcm9maWxlIjowLCJpc1dlYlByb2ZpbGUiOjAsInByb2ZpbGVQaWNQaG90byI6bnVsbCwiZGVmYXVsdEFwcElkIjpudWxsLCJkZWZhdWx0QXBwQ29kZSI6bnVsbCwiZGVmYXVsdEFwcE5hbWUiOm51bGwsInVzZXJSb2xlcyI6W119LCJjb3VudHJ5Q29kZSI6IktFIiwiY3VzdElkIjo2MTAwMDkxNCwidXNlckNvdW50cmllcyI6WyJLRSJdfQ.0W-Irvdoki9UN_s3yuH4GF1UtPAg26xwiqU7sjfROGwQIi3CGxh4Rt1iny0oC4Kj","token_type":"bearer","expires_in":22337}
2025-11-27 06:47:45,117 [INFO] [Smart Schemes API] Pushing scheme 6 to API
2025-11-27 06:47:45,399 [INFO] [Smart Schemes API] HTTP 400 for 6: {"successful":false,"status_msg":"CustomerId 482646589923456863549665 does not belong environment integqa not configured or does not belong to countryCode KE","id":"0","objectCode":null,"updated_rows":0,"error_type":"","errorCode":-1,"statusCode":"400","statusCodeType":"UNKNOWN_ERROR","statusCodeMsg":"Unknown error"}
2025-11-27 06:47:45,400 [ERROR] Request error for scheme 6: 400 Client Error: Bad Request for url: https://data.smartapplicationsgroup.com/api/v2/integqa/schemes?companyName=TAFARIA+LIMITED&clnPolCode=6&startDate=2025-03-09&endDate=2026-03-08&polTypeId=1&userId=NYANGATE.MAGEMBE&countryCode=KE&policyCurrencyId=KES&anniv=5&customerid=482646589923456863549665
2025-11-27 06:47:45,403 [ERROR] [fetch_new_schemes] Failed to sync scheme 6: Request error for scheme 6: 400 Client Error: Bad Request for url: https://data.smartapplicationsgroup.com/api/v2/integqa/schemes?companyName=TAFARIA+LIMITED&clnPolCode=6&startDate=2025-03-09&endDate=2026-03-08&polTypeId=1&userId=NYANGATE.MAGEMBE&countryCode=KE&policyCurrencyId=KES&anniv=5&customerid=482646589923456863549665
2025-11-27 06:47:45,411 [INFO] [fetch_new_schemes] Pushing scheme 6 to Smart API
2025-11-27 06:47:46,218 [INFO] [Smart Token] HTTP 200: {"access_token":"eyJhbGciOiJIUzM4NCJ9.eyJzdWIiOiI5MSIsImlhdCI6MTc2NDIxOTU4MiwiZXhwIjoxNzY0MjI2ODAyLCJ1c2VySWQiOjkxLCJzY29wZSI6IlJFQURfV1JJVEUiLCJ1c2VyIjp7ImlkIjo5MSwidXNlcm5hbWUiOiI4Mzg5MzFiZS0yOTIxLTQ3ZTItYTAwZS0zNTZiODMzZGNlYzkiLCJmaXJzdE5hbWUiOiJNQURJU09OIEdFTkVSQUwgSU5TVVJBTkNFIEtFTllBIExJTUlURUQiLCJsYXN0TmFtZSI6bnVsbCwiZW1haWwiOm51bGwsInBob25lTnVtYmVyIjpudWxsLCJnZW5kZXIiOm51bGwsImRvYiI6bnVsbCwiY291bnRyeUNvZGUiOiJLRSIsImRldmljZU51bWJlciI6MTc1MDMyMDQ1MjI4MSwidXNlclN0YXR1cyI6bnVsbCwiZmlyZWJhc2VUb2tlbiI6bnVsbCwiaXNNb2JpbGVQcm9maWxlIjowLCJpc1dlYlByb2ZpbGUiOjAsInByb2ZpbGVQaWNQaG90byI6bnVsbCwiZGVmYXVsdEFwcElkIjpudWxsLCJkZWZhdWx0QXBwQ29kZSI6bnVsbCwiZGVmYXVsdEFwcE5hbWUiOm51bGwsInVzZXJSb2xlcyI6W119LCJjb3VudHJ5Q29kZSI6IktFIiwiY3VzdElkIjo2MTAwMDkxNCwidXNlckNvdW50cmllcyI6WyJLRSJdfQ.0W-Irvdoki9UN_s3yuH4GF1UtPAg26xwiqU7sjfROGwQIi3CGxh4Rt1iny0oC4Kj","token_type":"bearer","expires_in":22336}
2025-11-27 06:47:46,224 [INFO] [Smart Schemes API] Pushing scheme 6 to API
2025-11-27 06:47:46,316 [INFO] [Smart Schemes API] HTTP 400 for 6: {"successful":false,"status_msg":"CustomerId 482646589923456863549665 does not belong environment integqa not configured or does not belong to countryCode KE","id":"0","objectCode":null,"updated_rows":0,"error_type":"","errorCode":-1,"statusCode":"400","statusCodeType":"UNKNOWN_ERROR","statusCodeMsg":"Unknown error"}
2025-11-27 06:47:46,316 [ERROR] Request error for scheme 6: 400 Client Error: Bad Request for url: https://data.smartapplicationsgroup.com/api/v2/integqa/schemes?companyName=MATHARA+HOLDINGS+LIMITED&clnPolCode=6&startDate=2025-05-21&endDate=2026-05-20&polTypeId=1&userId=AUSTEEN.ODHIAMBO&countryCode=KE&policyCurrencyId=KES&anniv=5&customerid=482646589923456863549665
2025-11-27 06:47:46,319 [ERROR] [fetch_new_schemes] Failed to sync scheme 6: Request error for scheme 6: 400 Client Error: Bad Request for url: https://data.smartapplicationsgroup.com/api/v2/integqa/schemes?companyName=MATHARA+HOLDINGS+LIMITED&clnPolCode=6&startDate=2025-05-21&endDate=2026-05-20&polTypeId=1&userId=AUSTEEN.ODHIAMBO&countryCode=KE&policyCurrencyId=KES&anniv=5&customerid=482646589923456863549665
2025-11-27 06:47:46,323 [INFO] [fetch_new_schemes] Pushing scheme 6 to Smart API
2025-11-27 06:47:47,262 [INFO] [Smart Token] HTTP 200: {"access_token":"eyJhbGciOiJIUzM4NCJ9.eyJzdWIiOiI5MSIsImlhdCI6MTc2NDIxOTU4MiwiZXhwIjoxNzY0MjI2ODAyLCJ1c2VySWQiOjkxLCJzY29wZSI6IlJFQURfV1JJVEUiLCJ1c2VyIjp7ImlkIjo5MSwidXNlcm5hbWUiOiI4Mzg5MzFiZS0yOTIxLTQ3ZTItYTAwZS0zNTZiODMzZGNlYzkiLCJmaXJzdE5hbWUiOiJNQURJU09OIEdFTkVSQUwgSU5TVVJBTkNFIEtFTllBIExJTUlURUQiLCJsYXN0TmFtZSI6bnVsbCwiZW1haWwiOm51bGwsInBob25lTnVtYmVyIjpudWxsLCJnZW5kZXIiOm51bGwsImRvYiI6bnVsbCwiY291bnRyeUNvZGUiOiJLRSIsImRldmljZU51bWJlciI6MTc1MDMyMDQ1MjI4MSwidXNlclN0YXR1cyI6bnVsbCwiZmlyZWJhc2VUb2tlbiI6bnVsbCwiaXNNb2JpbGVQcm9maWxlIjowLCJpc1dlYlByb2ZpbGUiOjAsInByb2ZpbGVQaWNQaG90byI6bnVsbCwiZGVmYXVsdEFwcElkIjpudWxsLCJkZWZhdWx0QXBwQ29kZSI6bnVsbCwiZGVmYXVsdEFwcE5hbWUiOm51bGwsInVzZXJSb2xlcyI6W119LCJjb3VudHJ5Q29kZSI6IktFIiwiY3VzdElkIjo2MTAwMDkxNCwidXNlckNvdW50cmllcyI6WyJLRSJdfQ.0W-Irvdoki9UN_s3yuH4GF1UtPAg26xwiqU7sjfROGwQIi3CGxh4Rt1iny0oC4Kj","token_type":"bearer","expires_in":22335}
2025-11-27 06:47:47,264 [INFO] [Smart Schemes API] Pushing scheme 6 to API
2025-11-27 06:47:48,234 [INFO] [Smart Schemes API] HTTP 400 for 6: {"successful":false,"status_msg":"CustomerId 482646589923456863549665 does not belong environment integqa not configured or does not belong to countryCode KE","id":"0","objectCode":null,"updated_rows":0,"error_type":"","errorCode":-1,"statusCode":"400","statusCodeType":"UNKNOWN_ERROR","statusCodeMsg":"Unknown error"}
2025-11-27 06:47:48,234 [ERROR] Request error for scheme 6: 400 Client Error: Bad Request for url: https://data.smartapplicationsgroup.com/api/v2/integqa/schemes?companyName=OPTIVEN+GROUP&clnPolCode=6&startDate=2025-07-15&endDate=2026-07-14&polTypeId=1&userId=JANET.OWINO&countryCode=KE&policyCurrencyId=KES&anniv=5&customerid=482646589923456863549665
2025-11-27 06:47:48,235 [ERROR] [fetch_new_schemes] Failed to sync scheme 6: Request error for scheme 6: 400 Client Error: Bad Request for url: https://data.smartapplicationsgroup.com/api/v2/integqa/schemes?companyName=OPTIVEN+GROUP&clnPolCode=6&startDate=2025-07-15&endDate=2026-07-14&polTypeId=1&userId=JANET.OWINO&countryCode=KE&policyCurrencyId=KES&anniv=5&customerid=482646589923456863549665
2025-11-27 06:47:48,239 [INFO] [fetch_new_schemes] Pushing scheme 7 to Smart API
2025-11-27 06:47:48,748 [INFO] [Smart Token] HTTP 200: {"access_token":"eyJhbGciOiJIUzM4NCJ9.eyJzdWIiOiI5MSIsImlhdCI6MTc2NDIxOTU4MiwiZXhwIjoxNzY0MjI2ODAyLCJ1c2VySWQiOjkxLCJzY29wZSI6IlJFQURfV1JJVEUiLCJ1c2VyIjp7ImlkIjo5MSwidXNlcm5hbWUiOiI4Mzg5MzFiZS0yOTIxLTQ3ZTItYTAwZS0zNTZiODMzZGNlYzkiLCJmaXJzdE5hbWUiOiJNQURJU09OIEdFTkVSQUwgSU5TVVJBTkNFIEtFTllBIExJTUlURUQiLCJsYXN0TmFtZSI6bnVsbCwiZW1haWwiOm51bGwsInBob25lTnVtYmVyIjpudWxsLCJnZW5kZXIiOm51bGwsImRvYiI6bnVsbCwiY291bnRyeUNvZGUiOiJLRSIsImRldmljZU51bWJlciI6MTc1MDMyMDQ1MjI4MSwidXNlclN0YXR1cyI6bnVsbCwiZmlyZWJhc2VUb2tlbiI6bnVsbCwiaXNNb2JpbGVQcm9maWxlIjowLCJpc1dlYlByb2ZpbGUiOjAsInByb2ZpbGVQaWNQaG90byI6bnVsbCwiZGVmYXVsdEFwcElkIjpudWxsLCJkZWZhdWx0QXBwQ29kZSI6bnVsbCwiZGVmYXVsdEFwcE5hbWUiOm51bGwsInVzZXJSb2xlcyI6W119LCJjb3VudHJ5Q29kZSI6IktFIiwiY3VzdElkIjo2MTAwMDkxNCwidXNlckNvdW50cmllcyI6WyJLRSJdfQ.0W-Irvdoki9UN_s3yuH4GF1UtPAg26xwiqU7sjfROGwQIi3CGxh4Rt1iny0oC4Kj","token_type":"bearer","expires_in":22334}
2025-11-27 06:47:48,752 [INFO] [Smart Schemes API] Pushing scheme 7 to API
2025-11-27 06:47:49,016 [INFO] [Smart Schemes API] HTTP 400 for 7: {"successful":false,"status_msg":"CustomerId 482646589923456863549665 does not belong environment integqa not configured or does not belong to countryCode KE","id":"0","objectCode":null,"updated_rows":0,"error_type":"","errorCode":-1,"statusCode":"400","statusCodeType":"UNKNOWN_ERROR","statusCodeMsg":"Unknown error"}
2025-11-27 06:47:49,016 [ERROR] Request error for scheme 7: 400 Client Error: Bad Request for url: https://data.smartapplicationsgroup.com/api/v2/integqa/schemes?companyName=ARWA+AND+CHANGE+ADVOCATES+LLP&clnPolCode=7&startDate=2025-07-02&endDate=2026-07-01&polTypeId=1&userId=JANET.OWINO&countryCode=KE&policyCurrencyId=KES&anniv=5&customerid=482646589923456863549665
2025-11-27 06:47:49,020 [ERROR] [fetch_new_schemes] Failed to sync scheme 7: Request error for scheme 7: 400 Client Error: Bad Request for url: https://data.smartapplicationsgroup.com/api/v2/integqa/schemes?companyName=ARWA+AND+CHANGE+ADVOCATES+LLP&clnPolCode=7&startDate=2025-07-02&endDate=2026-07-01&polTypeId=1&userId=JANET.OWINO&countryCode=KE&policyCurrencyId=KES&anniv=5&customerid=482646589923456863549665
2025-11-27 06:47:49,030 [INFO] [fetch_new_schemes] Pushing scheme 6 to Smart API
2025-11-27 06:47:49,621 [INFO] [Smart Token] HTTP 200: {"access_token":"eyJhbGciOiJIUzM4NCJ9.eyJzdWIiOiI5MSIsImlhdCI6MTc2NDIxOTU4MiwiZXhwIjoxNzY0MjI2ODAyLCJ1c2VySWQiOjkxLCJzY29wZSI6IlJFQURfV1JJVEUiLCJ1c2VyIjp7ImlkIjo5MSwidXNlcm5hbWUiOiI4Mzg5MzFiZS0yOTIxLTQ3ZTItYTAwZS0zNTZiODMzZGNlYzkiLCJmaXJzdE5hbWUiOiJNQURJU09OIEdFTkVSQUwgSU5TVVJBTkNFIEtFTllBIExJTUlURUQiLCJsYXN0TmFtZSI6bnVsbCwiZW1haWwiOm51bGwsInBob25lTnVtYmVyIjpudWxsLCJnZW5kZXIiOm51bGwsImRvYiI6bnVsbCwiY291bnRyeUNvZGUiOiJLRSIsImRldmljZU51bWJlciI6MTc1MDMyMDQ1MjI4MSwidXNlclN0YXR1cyI6bnVsbCwiZmlyZWJhc2VUb2tlbiI6bnVsbCwiaXNNb2JpbGVQcm9maWxlIjowLCJpc1dlYlByb2ZpbGUiOjAsInByb2ZpbGVQaWNQaG90byI6bnVsbCwiZGVmYXVsdEFwcElkIjpudWxsLCJkZWZhdWx0QXBwQ29kZSI6bnVsbCwiZGVmYXVsdEFwcE5hbWUiOm51bGwsInVzZXJSb2xlcyI6W119LCJjb3VudHJ5Q29kZSI6IktFIiwiY3VzdElkIjo2MTAwMDkxNCwidXNlckNvdW50cmllcyI6WyJLRSJdfQ.0W-Irvdoki9UN_s3yuH4GF1UtPAg26xwiqU7sjfROGwQIi3CGxh4Rt1iny0oC4Kj","token_type":"bearer","expires_in":22333}
2025-11-27 06:47:49,624 [INFO] [Smart Schemes API] Pushing scheme 6 to API
2025-11-27 06:47:49,912 [INFO] [Smart Schemes API] HTTP 400 for 6: {"successful":false,"status_msg":"CustomerId 482646589923456863549665 does not belong environment integqa not configured or does not belong to countryCode KE","id":"0","objectCode":null,"updated_rows":0,"error_type":"","errorCode":-1,"statusCode":"400","statusCodeType":"UNKNOWN_ERROR","statusCodeMsg":"Unknown error"}
2025-11-27 06:47:49,912 [ERROR] Request error for scheme 6: 400 Client Error: Bad Request for url: https://data.smartapplicationsgroup.com/api/v2/integqa/schemes?companyName=KAMCAN+PROPERTIES+LIMITED&clnPolCode=6&startDate=2025-09-03&endDate=2026-09-02&polTypeId=1&userId=EDWARD.KOGANGA&countryCode=KE&policyCurrencyId=KES&anniv=5&customerid=482646589923456863549665
2025-11-27 06:47:49,916 [ERROR] [fetch_new_schemes] Failed to sync scheme 6: Request error for scheme 6: 400 Client Error: Bad Request for url: https://data.smartapplicationsgroup.com/api/v2/integqa/schemes?companyName=KAMCAN+PROPERTIES+LIMITED&clnPolCode=6&startDate=2025-09-03&endDate=2026-09-02&polTypeId=1&userId=EDWARD.KOGANGA&countryCode=KE&policyCurrencyId=KES&anniv=5&customerid=482646589923456863549665
2025-11-27 06:47:49,928 [INFO] [fetch_new_schemes] Pushing scheme 6 to Smart API
2025-11-27 06:47:50,642 [INFO] [Smart Token] HTTP 200: {"access_token":"eyJhbGciOiJIUzM4NCJ9.eyJzdWIiOiI5MSIsImlhdCI6MTc2NDIxOTU4MiwiZXhwIjoxNzY0MjI2ODAyLCJ1c2VySWQiOjkxLCJzY29wZSI6IlJFQURfV1JJVEUiLCJ1c2VyIjp7ImlkIjo5MSwidXNlcm5hbWUiOiI4Mzg5MzFiZS0yOTIxLTQ3ZTItYTAwZS0zNTZiODMzZGNlYzkiLCJmaXJzdE5hbWUiOiJNQURJU09OIEdFTkVSQUwgSU5TVVJBTkNFIEtFTllBIExJTUlURUQiLCJsYXN0TmFtZSI6bnVsbCwiZW1haWwiOm51bGwsInBob25lTnVtYmVyIjpudWxsLCJnZW5kZXIiOm51bGwsImRvYiI6bnVsbCwiY291bnRyeUNvZGUiOiJLRSIsImRldmljZU51bWJlciI6MTc1MDMyMDQ1MjI4MSwidXNlclN0YXR1cyI6bnVsbCwiZmlyZWJhc2VUb2tlbiI6bnVsbCwiaXNNb2JpbGVQcm9maWxlIjowLCJpc1dlYlByb2ZpbGUiOjAsInByb2ZpbGVQaWNQaG90byI6bnVsbCwiZGVmYXVsdEFwcElkIjpudWxsLCJkZWZhdWx0QXBwQ29kZSI6bnVsbCwiZGVmYXVsdEFwcE5hbWUiOm51bGwsInVzZXJSb2xlcyI6W119LCJjb3VudHJ5Q29kZSI6IktFIiwiY3VzdElkIjo2MTAwMDkxNCwidXNlckNvdW50cmllcyI6WyJLRSJdfQ.0W-Irvdoki9UN_s3yuH4GF1UtPAg26xwiqU7sjfROGwQIi3CGxh4Rt1iny0oC4Kj","token_type":"bearer","expires_in":22332}
2025-11-27 06:47:50,648 [INFO] [Smart Schemes API] Pushing scheme 6 to API
2025-11-27 06:47:50,907 [INFO] [Smart Schemes API] HTTP 400 for 6: {"successful":false,"status_msg":"CustomerId 482646589923456863549665 does not belong environment integqa not configured or does not belong to countryCode KE","id":"0","objectCode":null,"updated_rows":0,"error_type":"","errorCode":-1,"statusCode":"400","statusCodeType":"UNKNOWN_ERROR","statusCodeMsg":"Unknown error"}
2025-11-27 06:47:50,907 [ERROR] Request error for scheme 6: 400 Client Error: Bad Request for url: https://data.smartapplicationsgroup.com/api/v2/integqa/schemes?companyName=ABERCROMBIE+%26+KENT+-+RWANDA&clnPolCode=6&startDate=2025-01-01&endDate=2025-12-31&polTypeId=1&userId=EDWARD.KOGANGA&countryCode=KE&policyCurrencyId=KES&anniv=4&customerid=482646589923456863549665
2025-11-27 06:47:50,910 [ERROR] [fetch_new_schemes] Failed to sync scheme 6: Request error for scheme 6: 400 Client Error: Bad Request for url: https://data.smartapplicationsgroup.com/api/v2/integqa/schemes?companyName=ABERCROMBIE+%26+KENT+-+RWANDA&clnPolCode=6&startDate=2025-01-01&endDate=2025-12-31&polTypeId=1&userId=EDWARD.KOGANGA&countryCode=KE&policyCurrencyId=KES&anniv=4&customerid=482646589923456863549665
2025-11-27 06:47:50,921 [INFO] [fetch_new_schemes] Pushing scheme 6 to Smart API
2025-11-27 06:47:51,665 [INFO] [Smart Token] HTTP 200: {"access_token":"eyJhbGciOiJIUzM4NCJ9.eyJzdWIiOiI5MSIsImlhdCI6MTc2NDIxOTU4MiwiZXhwIjoxNzY0MjI2ODAyLCJ1c2VySWQiOjkxLCJzY29wZSI6IlJFQURfV1JJVEUiLCJ1c2VyIjp7ImlkIjo5MSwidXNlcm5hbWUiOiI4Mzg5MzFiZS0yOTIxLTQ3ZTItYTAwZS0zNTZiODMzZGNlYzkiLCJmaXJzdE5hbWUiOiJNQURJU09OIEdFTkVSQUwgSU5TVVJBTkNFIEtFTllBIExJTUlURUQiLCJsYXN0TmFtZSI6bnVsbCwiZW1haWwiOm51bGwsInBob25lTnVtYmVyIjpudWxsLCJnZW5kZXIiOm51bGwsImRvYiI6bnVsbCwiY291bnRyeUNvZGUiOiJLRSIsImRldmljZU51bWJlciI6MTc1MDMyMDQ1MjI4MSwidXNlclN0YXR1cyI6bnVsbCwiZmlyZWJhc2VUb2tlbiI6bnVsbCwiaXNNb2JpbGVQcm9maWxlIjowLCJpc1dlYlByb2ZpbGUiOjAsInByb2ZpbGVQaWNQaG90byI6bnVsbCwiZGVmYXVsdEFwcElkIjpudWxsLCJkZWZhdWx0QXBwQ29kZSI6bnVsbCwiZGVmYXVsdEFwcE5hbWUiOm51bGwsInVzZXJSb2xlcyI6W119LCJjb3VudHJ5Q29kZSI6IktFIiwiY3VzdElkIjo2MTAwMDkxNCwidXNlckNvdW50cmllcyI6WyJLRSJdfQ.0W-Irvdoki9UN_s3yuH4GF1UtPAg26xwiqU7sjfROGwQIi3CGxh4Rt1iny0oC4Kj","token_type":"bearer","expires_in":22331}
2025-11-27 06:47:51,667 [INFO] [Smart Schemes API] Pushing scheme 6 to API
2025-11-27 06:47:51,754 [INFO] [Smart Schemes API] HTTP 400 for 6: {"successful":false,"status_msg":"CustomerId 482646589923456863549665 does not belong environment integqa not configured or does not belong to countryCode KE","id":"0","objectCode":null,"updated_rows":0,"error_type":"","errorCode":-1,"statusCode":"400","statusCodeType":"UNKNOWN_ERROR","statusCodeMsg":"Unknown error"}
2025-11-27 06:47:51,755 [ERROR] Request error for scheme 6: 400 Client Error: Bad Request for url: https://data.smartapplicationsgroup.com/api/v2/integqa/schemes?companyName=TANA+%26ATHI+RIVERS+DEVELOPMENT+AUTHORITY&clnPolCode=6&startDate=2025-07-14&endDate=2026-07-13&polTypeId=1&userId=jkaroki&countryCode=KE&policyCurrencyId=KES&anniv=1&customerid=482646589923456863549665
2025-11-27 06:47:51,756 [ERROR] [fetch_new_schemes] Failed to sync scheme 6: Request error for scheme 6: 400 Client Error: Bad Request for url: https://data.smartapplicationsgroup.com/api/v2/integqa/schemes?companyName=TANA+%26ATHI+RIVERS+DEVELOPMENT+AUTHORITY&clnPolCode=6&startDate=2025-07-14&endDate=2026-07-13&polTypeId=1&userId=jkaroki&countryCode=KE&policyCurrencyId=KES&anniv=1&customerid=482646589923456863549665
2025-11-27 06:47:51,760 [INFO] [fetch_new_schemes] Pushing scheme 6 to Smart API
2025-11-27 06:47:52,487 [INFO] [Smart Token] HTTP 200: {"access_token":"eyJhbGciOiJIUzM4NCJ9.eyJzdWIiOiI5MSIsImlhdCI6MTc2NDIxOTU4MiwiZXhwIjoxNzY0MjI2ODAyLCJ1c2VySWQiOjkxLCJzY29wZSI6IlJFQURfV1JJVEUiLCJ1c2VyIjp7ImlkIjo5MSwidXNlcm5hbWUiOiI4Mzg5MzFiZS0yOTIxLTQ3ZTItYTAwZS0zNTZiODMzZGNlYzkiLCJmaXJzdE5hbWUiOiJNQURJU09OIEdFTkVSQUwgSU5TVVJBTkNFIEtFTllBIExJTUlURUQiLCJsYXN0TmFtZSI6bnVsbCwiZW1haWwiOm51bGwsInBob25lTnVtYmVyIjpudWxsLCJnZW5kZXIiOm51bGwsImRvYiI6bnVsbCwiY291bnRyeUNvZGUiOiJLRSIsImRldmljZU51bWJlciI6MTc1MDMyMDQ1MjI4MSwidXNlclN0YXR1cyI6bnVsbCwiZmlyZWJhc2VUb2tlbiI6bnVsbCwiaXNNb2JpbGVQcm9maWxlIjowLCJpc1dlYlByb2ZpbGUiOjAsInByb2ZpbGVQaWNQaG90byI6bnVsbCwiZGVmYXVsdEFwcElkIjpudWxsLCJkZWZhdWx0QXBwQ29kZSI6bnVsbCwiZGVmYXVsdEFwcE5hbWUiOm51bGwsInVzZXJSb2xlcyI6W119LCJjb3VudHJ5Q29kZSI6IktFIiwiY3VzdElkIjo2MTAwMDkxNCwidXNlckNvdW50cmllcyI6WyJLRSJdfQ.0W-Irvdoki9UN_s3yuH4GF1UtPAg26xwiqU7sjfROGwQIi3CGxh4Rt1iny0oC4Kj","token_type":"bearer","expires_in":22330}
2025-11-27 06:47:52,490 [INFO] [Smart Schemes API] Pushing scheme 6 to API
2025-11-27 06:47:52,737 [INFO] [Smart Schemes API] HTTP 400 for 6: {"successful":false,"status_msg":"CustomerId 482646589923456863549665 does not belong environment integqa not configured or does not belong to countryCode KE","id":"0","objectCode":null,"updated_rows":0,"error_type":"","errorCode":-1,"statusCode":"400","statusCodeType":"UNKNOWN_ERROR","statusCodeMsg":"Unknown error"}
2025-11-27 06:47:52,738 [ERROR] Request error for scheme 6: 400 Client Error: Bad Request for url: https://data.smartapplicationsgroup.com/api/v2/integqa/schemes?companyName=MARGARET+AND+ADVOCATES&clnPolCode=6&startDate=2025-11-26&endDate=2026-11-25&polTypeId=1&userId=KAMAU.MARGARET&countryCode=KE&policyCurrencyId=KES&anniv=1&customerid=482646589923456863549665
2025-11-27 06:47:52,741 [ERROR] [fetch_new_schemes] Failed to sync scheme 6: Request error for scheme 6: 400 Client Error: Bad Request for url: https://data.smartapplicationsgroup.com/api/v2/integqa/schemes?companyName=MARGARET+AND+ADVOCATES&clnPolCode=6&startDate=2025-11-26&endDate=2026-11-25&polTypeId=1&userId=KAMAU.MARGARET&countryCode=KE&policyCurrencyId=KES&anniv=1&customerid=482646589923456863549665
2025-11-27 06:47:52,748 [INFO] [fetch_new_schemes] Pushing scheme 6 to Smart API
2025-11-27 06:47:53,713 [INFO] [Smart Token] HTTP 200: {"access_token":"eyJhbGciOiJIUzM4NCJ9.eyJzdWIiOiI5MSIsImlhdCI6MTc2NDIxOTU4MiwiZXhwIjoxNzY0MjI2ODAyLCJ1c2VySWQiOjkxLCJzY29wZSI6IlJFQURfV1JJVEUiLCJ1c2VyIjp7ImlkIjo5MSwidXNlcm5hbWUiOiI4Mzg5MzFiZS0yOTIxLTQ3ZTItYTAwZS0zNTZiODMzZGNlYzkiLCJmaXJzdE5hbWUiOiJNQURJU09OIEdFTkVSQUwgSU5TVVJBTkNFIEtFTllBIExJTUlURUQiLCJsYXN0TmFtZSI6bnVsbCwiZW1haWwiOm51bGwsInBob25lTnVtYmVyIjpudWxsLCJnZW5kZXIiOm51bGwsImRvYiI6bnVsbCwiY291bnRyeUNvZGUiOiJLRSIsImRldmljZU51bWJlciI6MTc1MDMyMDQ1MjI4MSwidXNlclN0YXR1cyI6bnVsbCwiZmlyZWJhc2VUb2tlbiI6bnVsbCwiaXNNb2JpbGVQcm9maWxlIjowLCJpc1dlYlByb2ZpbGUiOjAsInByb2ZpbGVQaWNQaG90byI6bnVsbCwiZGVmYXVsdEFwcElkIjpudWxsLCJkZWZhdWx0QXBwQ29kZSI6bnVsbCwiZGVmYXVsdEFwcE5hbWUiOm51bGwsInVzZXJSb2xlcyI6W119LCJjb3VudHJ5Q29kZSI6IktFIiwiY3VzdElkIjo2MTAwMDkxNCwidXNlckNvdW50cmllcyI6WyJLRSJdfQ.0W-Irvdoki9UN_s3yuH4GF1UtPAg26xwiqU7sjfROGwQIi3CGxh4Rt1iny0oC4Kj","token_type":"bearer","expires_in":22329}
2025-11-27 06:47:53,715 [INFO] [Smart Schemes API] Pushing scheme 6 to API
2025-11-27 06:47:53,968 [INFO] [Smart Schemes API] HTTP 400 for 6: {"successful":false,"status_msg":"CustomerId 482646589923456863549665 does not belong environment integqa not configured or does not belong to countryCode KE","id":"0","objectCode":null,"updated_rows":0,"error_type":"","errorCode":-1,"statusCode":"400","statusCodeType":"UNKNOWN_ERROR","statusCodeMsg":"Unknown error"}
2025-11-27 06:47:53,969 [ERROR] Request error for scheme 6: 400 Client Error: Bad Request for url: https://data.smartapplicationsgroup.com/api/v2/integqa/schemes?companyName=MARGARET+AND+ADVOCATES&clnPolCode=6&startDate=2025-11-26&endDate=2026-11-25&polTypeId=1&userId=KAMAU.MARGARET&countryCode=KE&policyCurrencyId=KES&anniv=1&customerid=482646589923456863549665
2025-11-27 06:47:53,973 [ERROR] [fetch_new_schemes] Failed to sync scheme 6: Request error for scheme 6: 400 Client Error: Bad Request for url: https://data.smartapplicationsgroup.com/api/v2/integqa/schemes?companyName=MARGARET+AND+ADVOCATES&clnPolCode=6&startDate=2025-11-26&endDate=2026-11-25&polTypeId=1&userId=KAMAU.MARGARET&countryCode=KE&policyCurrencyId=KES&anniv=1&customerid=482646589923456863549665
2025-11-27 06:47:59,676 [WARNING] [fetch_new_schemes] Completed with 13 failed syncs
2025-11-27 06:47:59,677 [INFO] [fetch_new_schemes] Process completed: 13 staged, 0 synced to API
2025-11-27 06:52:13,898 [INFO] [fetch_new_schemes] Starting scheme fetch and sync process
2025-11-27 06:52:13,961 [INFO] [fetch_new_schemes] Fetched 13 schemes from MSSQL
2025-11-27 06:52:13,983 [INFO] [fetch_new_schemes] Pushing scheme 7 to Smart API
2025-11-27 06:52:14,763 [INFO] [Smart Token] HTTP 200: {"access_token":"eyJhbGciOiJIUzM4NCJ9.eyJzdWIiOiI5MSIsImlhdCI6MTc2NDIxOTU4MiwiZXhwIjoxNzY0MjI2ODAyLCJ1c2VySWQiOjkxLCJzY29wZSI6IlJFQURfV1JJVEUiLCJ1c2VyIjp7ImlkIjo5MSwidXNlcm5hbWUiOiI4Mzg5MzFiZS0yOTIxLTQ3ZTItYTAwZS0zNTZiODMzZGNlYzkiLCJmaXJzdE5hbWUiOiJNQURJU09OIEdFTkVSQUwgSU5TVVJBTkNFIEtFTllBIExJTUlURUQiLCJsYXN0TmFtZSI6bnVsbCwiZW1haWwiOm51bGwsInBob25lTnVtYmVyIjpudWxsLCJnZW5kZXIiOm51bGwsImRvYiI6bnVsbCwiY291bnRyeUNvZGUiOiJLRSIsImRldmljZU51bWJlciI6MTc1MDMyMDQ1MjI4MSwidXNlclN0YXR1cyI6bnVsbCwiZmlyZWJhc2VUb2tlbiI6bnVsbCwiaXNNb2JpbGVQcm9maWxlIjowLCJpc1dlYlByb2ZpbGUiOjAsInByb2ZpbGVQaWNQaG90byI6bnVsbCwiZGVmYXVsdEFwcElkIjpudWxsLCJkZWZhdWx0QXBwQ29kZSI6bnVsbCwiZGVmYXVsdEFwcE5hbWUiOm51bGwsInVzZXJSb2xlcyI6W119LCJjb3VudHJ5Q29kZSI6IktFIiwiY3VzdElkIjo2MTAwMDkxNCwidXNlckNvdW50cmllcyI6WyJLRSJdfQ.0W-Irvdoki9UN_s3yuH4GF1UtPAg26xwiqU7sjfROGwQIi3CGxh4Rt1iny0oC4Kj","token_type":"bearer","expires_in":22068}
2025-11-27 06:52:14,765 [INFO] [Smart Schemes API] Pushing scheme 7 to API
2025-11-27 06:52:15,194 [INFO] [Smart Schemes API] HTTP 200 for 7: {"successful":true,"status_msg":"","id":"715994","objectCode":null,"updated_rows":0,"error_type":"","errorCode":0,"statusCode":"2000","statusCodeType":"SUCCESSFUL","statusCodeMsg":"successful"}
2025-11-27 06:52:15,195 [INFO] [fetch_new_schemes] Successfully synced scheme 7
2025-11-27 06:52:15,198 [INFO] [fetch_new_schemes] Pushing scheme 7 to Smart API
2025-11-27 06:52:15,855 [INFO] [Smart Token] HTTP 200: {"access_token":"eyJhbGciOiJIUzM4NCJ9.eyJzdWIiOiI5MSIsImlhdCI6MTc2NDIxOTU4MiwiZXhwIjoxNzY0MjI2ODAyLCJ1c2VySWQiOjkxLCJzY29wZSI6IlJFQURfV1JJVEUiLCJ1c2VyIjp7ImlkIjo5MSwidXNlcm5hbWUiOiI4Mzg5MzFiZS0yOTIxLTQ3ZTItYTAwZS0zNTZiODMzZGNlYzkiLCJmaXJzdE5hbWUiOiJNQURJU09OIEdFTkVSQUwgSU5TVVJBTkNFIEtFTllBIExJTUlURUQiLCJsYXN0TmFtZSI6bnVsbCwiZW1haWwiOm51bGwsInBob25lTnVtYmVyIjpudWxsLCJnZW5kZXIiOm51bGwsImRvYiI6bnVsbCwiY291bnRyeUNvZGUiOiJLRSIsImRldmljZU51bWJlciI6MTc1MDMyMDQ1MjI4MSwidXNlclN0YXR1cyI6bnVsbCwiZmlyZWJhc2VUb2tlbiI6bnVsbCwiaXNNb2JpbGVQcm9maWxlIjowLCJpc1dlYlByb2ZpbGUiOjAsInByb2ZpbGVQaWNQaG90byI6bnVsbCwiZGVmYXVsdEFwcElkIjpudWxsLCJkZWZhdWx0QXBwQ29kZSI6bnVsbCwiZGVmYXVsdEFwcE5hbWUiOm51bGwsInVzZXJSb2xlcyI6W119LCJjb3VudHJ5Q29kZSI6IktFIiwiY3VzdElkIjo2MTAwMDkxNCwidXNlckNvdW50cmllcyI6WyJLRSJdfQ.0W-Irvdoki9UN_s3yuH4GF1UtPAg26xwiqU7sjfROGwQIi3CGxh4Rt1iny0oC4Kj","token_type":"bearer","expires_in":22067}
2025-11-27 06:52:15,860 [INFO] [Smart Schemes API] Pushing scheme 7 to API
2025-11-27 06:52:16,355 [INFO] [Smart Schemes API] HTTP 200 for 7: {"successful":true,"status_msg":"","id":"715995","objectCode":null,"updated_rows":0,"error_type":"","errorCode":0,"statusCode":"2000","statusCodeType":"SUCCESSFUL","statusCodeMsg":"successful"}
2025-11-27 06:52:16,356 [INFO] [fetch_new_schemes] Successfully synced scheme 7
2025-11-27 06:52:16,358 [INFO] [fetch_new_schemes] Pushing scheme 6 to Smart API
2025-11-27 06:52:17,121 [INFO] [Smart Token] HTTP 200: {"access_token":"eyJhbGciOiJIUzM4NCJ9.eyJzdWIiOiI5MSIsImlhdCI6MTc2NDIxOTU4MiwiZXhwIjoxNzY0MjI2ODAyLCJ1c2VySWQiOjkxLCJzY29wZSI6IlJFQURfV1JJVEUiLCJ1c2VyIjp7ImlkIjo5MSwidXNlcm5hbWUiOiI4Mzg5MzFiZS0yOTIxLTQ3ZTItYTAwZS0zNTZiODMzZGNlYzkiLCJmaXJzdE5hbWUiOiJNQURJU09OIEdFTkVSQUwgSU5TVVJBTkNFIEtFTllBIExJTUlURUQiLCJsYXN0TmFtZSI6bnVsbCwiZW1haWwiOm51bGwsInBob25lTnVtYmVyIjpudWxsLCJnZW5kZXIiOm51bGwsImRvYiI6bnVsbCwiY291bnRyeUNvZGUiOiJLRSIsImRldmljZU51bWJlciI6MTc1MDMyMDQ1MjI4MSwidXNlclN0YXR1cyI6bnVsbCwiZmlyZWJhc2VUb2tlbiI6bnVsbCwiaXNNb2JpbGVQcm9maWxlIjowLCJpc1dlYlByb2ZpbGUiOjAsInByb2ZpbGVQaWNQaG90byI6bnVsbCwiZGVmYXVsdEFwcElkIjpudWxsLCJkZWZhdWx0QXBwQ29kZSI6bnVsbCwiZGVmYXVsdEFwcE5hbWUiOm51bGwsInVzZXJSb2xlcyI6W119LCJjb3VudHJ5Q29kZSI6IktFIiwiY3VzdElkIjo2MTAwMDkxNCwidXNlckNvdW50cmllcyI6WyJLRSJdfQ.0W-Irvdoki9UN_s3yuH4GF1UtPAg26xwiqU7sjfROGwQIi3CGxh4Rt1iny0oC4Kj","token_type":"bearer","expires_in":22065}
2025-11-27 06:52:17,128 [INFO] [Smart Schemes API] Pushing scheme 6 to API
2025-11-27 06:52:17,426 [INFO] [Smart Schemes API] HTTP 200 for 6: {"successful":true,"status_msg":"","id":"715996","objectCode":null,"updated_rows":0,"error_type":"","errorCode":0,"statusCode":"2000","statusCodeType":"SUCCESSFUL","statusCodeMsg":"successful"}
2025-11-27 06:52:17,432 [INFO] [fetch_new_schemes] Successfully synced scheme 6
2025-11-27 06:52:17,439 [INFO] [fetch_new_schemes] Pushing scheme 6 to Smart API
2025-11-27 06:52:18,117 [INFO] [Smart Token] HTTP 200: {"access_token":"eyJhbGciOiJIUzM4NCJ9.eyJzdWIiOiI5MSIsImlhdCI6MTc2NDIxOTU4MiwiZXhwIjoxNzY0MjI2ODAyLCJ1c2VySWQiOjkxLCJzY29wZSI6IlJFQURfV1JJVEUiLCJ1c2VyIjp7ImlkIjo5MSwidXNlcm5hbWUiOiI4Mzg5MzFiZS0yOTIxLTQ3ZTItYTAwZS0zNTZiODMzZGNlYzkiLCJmaXJzdE5hbWUiOiJNQURJU09OIEdFTkVSQUwgSU5TVVJBTkNFIEtFTllBIExJTUlURUQiLCJsYXN0TmFtZSI6bnVsbCwiZW1haWwiOm51bGwsInBob25lTnVtYmVyIjpudWxsLCJnZW5kZXIiOm51bGwsImRvYiI6bnVsbCwiY291bnRyeUNvZGUiOiJLRSIsImRldmljZU51bWJlciI6MTc1MDMyMDQ1MjI4MSwidXNlclN0YXR1cyI6bnVsbCwiZmlyZWJhc2VUb2tlbiI6bnVsbCwiaXNNb2JpbGVQcm9maWxlIjowLCJpc1dlYlByb2ZpbGUiOjAsInByb2ZpbGVQaWNQaG90byI6bnVsbCwiZGVmYXVsdEFwcElkIjpudWxsLCJkZWZhdWx0QXBwQ29kZSI6bnVsbCwiZGVmYXVsdEFwcE5hbWUiOm51bGwsInVzZXJSb2xlcyI6W119LCJjb3VudHJ5Q29kZSI6IktFIiwiY3VzdElkIjo2MTAwMDkxNCwidXNlckNvdW50cmllcyI6WyJLRSJdfQ.0W-Irvdoki9UN_s3yuH4GF1UtPAg26xwiqU7sjfROGwQIi3CGxh4Rt1iny0oC4Kj","token_type":"bearer","expires_in":22064}
2025-11-27 06:52:18,122 [INFO] [Smart Schemes API] Pushing scheme 6 to API
2025-11-27 06:52:18,426 [INFO] [Smart Schemes API] HTTP 200 for 6: {"successful":true,"status_msg":"","id":"715997","objectCode":null,"updated_rows":0,"error_type":"","errorCode":0,"statusCode":"2000","statusCodeType":"SUCCESSFUL","statusCodeMsg":"successful"}
2025-11-27 06:52:18,431 [INFO] [fetch_new_schemes] Successfully synced scheme 6
2025-11-27 06:52:18,440 [INFO] [fetch_new_schemes] Pushing scheme 6 to Smart API
2025-11-27 06:52:19,380 [INFO] [Smart Token] HTTP 200: {"access_token":"eyJhbGciOiJIUzM4NCJ9.eyJzdWIiOiI5MSIsImlhdCI6MTc2NDIxOTU4MiwiZXhwIjoxNzY0MjI2ODAyLCJ1c2VySWQiOjkxLCJzY29wZSI6IlJFQURfV1JJVEUiLCJ1c2VyIjp7ImlkIjo5MSwidXNlcm5hbWUiOiI4Mzg5MzFiZS0yOTIxLTQ3ZTItYTAwZS0zNTZiODMzZGNlYzkiLCJmaXJzdE5hbWUiOiJNQURJU09OIEdFTkVSQUwgSU5TVVJBTkNFIEtFTllBIExJTUlURUQiLCJsYXN0TmFtZSI6bnVsbCwiZW1haWwiOm51bGwsInBob25lTnVtYmVyIjpudWxsLCJnZW5kZXIiOm51bGwsImRvYiI6bnVsbCwiY291bnRyeUNvZGUiOiJLRSIsImRldmljZU51bWJlciI6MTc1MDMyMDQ1MjI4MSwidXNlclN0YXR1cyI6bnVsbCwiZmlyZWJhc2VUb2tlbiI6bnVsbCwiaXNNb2JpbGVQcm9maWxlIjowLCJpc1dlYlByb2ZpbGUiOjAsInByb2ZpbGVQaWNQaG90byI6bnVsbCwiZGVmYXVsdEFwcElkIjpudWxsLCJkZWZhdWx0QXBwQ29kZSI6bnVsbCwiZGVmYXVsdEFwcE5hbWUiOm51bGwsInVzZXJSb2xlcyI6W119LCJjb3VudHJ5Q29kZSI6IktFIiwiY3VzdElkIjo2MTAwMDkxNCwidXNlckNvdW50cmllcyI6WyJLRSJdfQ.0W-Irvdoki9UN_s3yuH4GF1UtPAg26xwiqU7sjfROGwQIi3CGxh4Rt1iny0oC4Kj","token_type":"bearer","expires_in":22063}
2025-11-27 06:52:19,385 [INFO] [Smart Schemes API] Pushing scheme 6 to API
2025-11-27 06:52:19,722 [INFO] [Smart Schemes API] HTTP 200 for 6: {"successful":true,"status_msg":"","id":"715998","objectCode":null,"updated_rows":0,"error_type":"","errorCode":0,"statusCode":"2000","statusCodeType":"SUCCESSFUL","statusCodeMsg":"successful"}
2025-11-27 06:52:19,727 [INFO] [fetch_new_schemes] Successfully synced scheme 6
2025-11-27 06:52:19,735 [INFO] [fetch_new_schemes] Pushing scheme 6 to Smart API
2025-11-27 06:52:20,428 [INFO] [Smart Token] HTTP 200: {"access_token":"eyJhbGciOiJIUzM4NCJ9.eyJzdWIiOiI5MSIsImlhdCI6MTc2NDIxOTU4MiwiZXhwIjoxNzY0MjI2ODAyLCJ1c2VySWQiOjkxLCJzY29wZSI6IlJFQURfV1JJVEUiLCJ1c2VyIjp7ImlkIjo5MSwidXNlcm5hbWUiOiI4Mzg5MzFiZS0yOTIxLTQ3ZTItYTAwZS0zNTZiODMzZGNlYzkiLCJmaXJzdE5hbWUiOiJNQURJU09OIEdFTkVSQUwgSU5TVVJBTkNFIEtFTllBIExJTUlURUQiLCJsYXN0TmFtZSI6bnVsbCwiZW1haWwiOm51bGwsInBob25lTnVtYmVyIjpudWxsLCJnZW5kZXIiOm51bGwsImRvYiI6bnVsbCwiY291bnRyeUNvZGUiOiJLRSIsImRldmljZU51bWJlciI6MTc1MDMyMDQ1MjI4MSwidXNlclN0YXR1cyI6bnVsbCwiZmlyZWJhc2VUb2tlbiI6bnVsbCwiaXNNb2JpbGVQcm9maWxlIjowLCJpc1dlYlByb2ZpbGUiOjAsInByb2ZpbGVQaWNQaG90byI6bnVsbCwiZGVmYXVsdEFwcElkIjpudWxsLCJkZWZhdWx0QXBwQ29kZSI6bnVsbCwiZGVmYXVsdEFwcE5hbWUiOm51bGwsInVzZXJSb2xlcyI6W119LCJjb3VudHJ5Q29kZSI6IktFIiwiY3VzdElkIjo2MTAwMDkxNCwidXNlckNvdW50cmllcyI6WyJLRSJdfQ.0W-Irvdoki9UN_s3yuH4GF1UtPAg26xwiqU7sjfROGwQIi3CGxh4Rt1iny0oC4Kj","token_type":"bearer","expires_in":22062}
2025-11-27 06:52:20,432 [INFO] [Smart Schemes API] Pushing scheme 6 to API
2025-11-27 06:52:20,759 [INFO] [Smart Schemes API] HTTP 200 for 6: {"successful":true,"status_msg":"","id":"715999","objectCode":null,"updated_rows":0,"error_type":"","errorCode":0,"statusCode":"2000","statusCodeType":"SUCCESSFUL","statusCodeMsg":"successful"}
2025-11-27 06:52:20,765 [INFO] [fetch_new_schemes] Successfully synced scheme 6
2025-11-27 06:52:20,772 [INFO] [fetch_new_schemes] Pushing scheme 6 to Smart API
2025-11-27 06:52:21,501 [INFO] [Smart Token] HTTP 200: {"access_token":"eyJhbGciOiJIUzM4NCJ9.eyJzdWIiOiI5MSIsImlhdCI6MTc2NDIxOTU4MiwiZXhwIjoxNzY0MjI2ODAyLCJ1c2VySWQiOjkxLCJzY29wZSI6IlJFQURfV1JJVEUiLCJ1c2VyIjp7ImlkIjo5MSwidXNlcm5hbWUiOiI4Mzg5MzFiZS0yOTIxLTQ3ZTItYTAwZS0zNTZiODMzZGNlYzkiLCJmaXJzdE5hbWUiOiJNQURJU09OIEdFTkVSQUwgSU5TVVJBTkNFIEtFTllBIExJTUlURUQiLCJsYXN0TmFtZSI6bnVsbCwiZW1haWwiOm51bGwsInBob25lTnVtYmVyIjpudWxsLCJnZW5kZXIiOm51bGwsImRvYiI6bnVsbCwiY291bnRyeUNvZGUiOiJLRSIsImRldmljZU51bWJlciI6MTc1MDMyMDQ1MjI4MSwidXNlclN0YXR1cyI6bnVsbCwiZmlyZWJhc2VUb2tlbiI6bnVsbCwiaXNNb2JpbGVQcm9maWxlIjowLCJpc1dlYlByb2ZpbGUiOjAsInByb2ZpbGVQaWNQaG90byI6bnVsbCwiZGVmYXVsdEFwcElkIjpudWxsLCJkZWZhdWx0QXBwQ29kZSI6bnVsbCwiZGVmYXVsdEFwcE5hbWUiOm51bGwsInVzZXJSb2xlcyI6W119LCJjb3VudHJ5Q29kZSI6IktFIiwiY3VzdElkIjo2MTAwMDkxNCwidXNlckNvdW50cmllcyI6WyJLRSJdfQ.0W-Irvdoki9UN_s3yuH4GF1UtPAg26xwiqU7sjfROGwQIi3CGxh4Rt1iny0oC4Kj","token_type":"bearer","expires_in":22061}
2025-11-27 06:52:21,507 [INFO] [Smart Schemes API] Pushing scheme 6 to API
2025-11-27 06:52:21,849 [INFO] [Smart Schemes API] HTTP 200 for 6: {"successful":true,"status_msg":"","id":"716000","objectCode":null,"updated_rows":0,"error_type":"","errorCode":0,"statusCode":"2000","statusCodeType":"SUCCESSFUL","statusCodeMsg":"successful"}
2025-11-27 06:52:21,855 [INFO] [fetch_new_schemes] Successfully synced scheme 6
2025-11-27 06:52:21,913 [INFO] [fetch_new_schemes] Pushing scheme 7 to Smart API
2025-11-27 06:52:22,934 [INFO] [Smart Token] HTTP 200: {"access_token":"eyJhbGciOiJIUzM4NCJ9.eyJzdWIiOiI5MSIsImlhdCI6MTc2NDIxOTU4MiwiZXhwIjoxNzY0MjI2ODAyLCJ1c2VySWQiOjkxLCJzY29wZSI6IlJFQURfV1JJVEUiLCJ1c2VyIjp7ImlkIjo5MSwidXNlcm5hbWUiOiI4Mzg5MzFiZS0yOTIxLTQ3ZTItYTAwZS0zNTZiODMzZGNlYzkiLCJmaXJzdE5hbWUiOiJNQURJU09OIEdFTkVSQUwgSU5TVVJBTkNFIEtFTllBIExJTUlURUQiLCJsYXN0TmFtZSI6bnVsbCwiZW1haWwiOm51bGwsInBob25lTnVtYmVyIjpudWxsLCJnZW5kZXIiOm51bGwsImRvYiI6bnVsbCwiY291bnRyeUNvZGUiOiJLRSIsImRldmljZU51bWJlciI6MTc1MDMyMDQ1MjI4MSwidXNlclN0YXR1cyI6bnVsbCwiZmlyZWJhc2VUb2tlbiI6bnVsbCwiaXNNb2JpbGVQcm9maWxlIjowLCJpc1dlYlByb2ZpbGUiOjAsInByb2ZpbGVQaWNQaG90byI6bnVsbCwiZGVmYXVsdEFwcElkIjpudWxsLCJkZWZhdWx0QXBwQ29kZSI6bnVsbCwiZGVmYXVsdEFwcE5hbWUiOm51bGwsInVzZXJSb2xlcyI6W119LCJjb3VudHJ5Q29kZSI6IktFIiwiY3VzdElkIjo2MTAwMDkxNCwidXNlckNvdW50cmllcyI6WyJLRSJdfQ.0W-Irvdoki9UN_s3yuH4GF1UtPAg26xwiqU7sjfROGwQIi3CGxh4Rt1iny0oC4Kj","token_type":"bearer","expires_in":22060}
2025-11-27 06:52:22,939 [INFO] [Smart Schemes API] Pushing scheme 7 to API
2025-11-27 06:52:23,253 [INFO] [Smart Schemes API] HTTP 200 for 7: {"successful":true,"status_msg":"","id":"716001","objectCode":null,"updated_rows":0,"error_type":"","errorCode":0,"statusCode":"2000","statusCodeType":"SUCCESSFUL","statusCodeMsg":"successful"}
2025-11-27 06:52:23,258 [INFO] [fetch_new_schemes] Successfully synced scheme 7
2025-11-27 06:52:23,267 [INFO] [fetch_new_schemes] Pushing scheme 6 to Smart API
2025-11-27 06:52:24,265 [INFO] [Smart Token] HTTP 200: {"access_token":"eyJhbGciOiJIUzM4NCJ9.eyJzdWIiOiI5MSIsImlhdCI6MTc2NDIxOTU4MiwiZXhwIjoxNzY0MjI2ODAyLCJ1c2VySWQiOjkxLCJzY29wZSI6IlJFQURfV1JJVEUiLCJ1c2VyIjp7ImlkIjo5MSwidXNlcm5hbWUiOiI4Mzg5MzFiZS0yOTIxLTQ3ZTItYTAwZS0zNTZiODMzZGNlYzkiLCJmaXJzdE5hbWUiOiJNQURJU09OIEdFTkVSQUwgSU5TVVJBTkNFIEtFTllBIExJTUlURUQiLCJsYXN0TmFtZSI6bnVsbCwiZW1haWwiOm51bGwsInBob25lTnVtYmVyIjpudWxsLCJnZW5kZXIiOm51bGwsImRvYiI6bnVsbCwiY291bnRyeUNvZGUiOiJLRSIsImRldmljZU51bWJlciI6MTc1MDMyMDQ1MjI4MSwidXNlclN0YXR1cyI6bnVsbCwiZmlyZWJhc2VUb2tlbiI6bnVsbCwiaXNNb2JpbGVQcm9maWxlIjowLCJpc1dlYlByb2ZpbGUiOjAsInByb2ZpbGVQaWNQaG90byI6bnVsbCwiZGVmYXVsdEFwcElkIjpudWxsLCJkZWZhdWx0QXBwQ29kZSI6bnVsbCwiZGVmYXVsdEFwcE5hbWUiOm51bGwsInVzZXJSb2xlcyI6W119LCJjb3VudHJ5Q29kZSI6IktFIiwiY3VzdElkIjo2MTAwMDkxNCwidXNlckNvdW50cmllcyI6WyJLRSJdfQ.0W-Irvdoki9UN_s3yuH4GF1UtPAg26xwiqU7sjfROGwQIi3CGxh4Rt1iny0oC4Kj","token_type":"bearer","expires_in":22058}
2025-11-27 06:52:24,269 [INFO] [Smart Schemes API] Pushing scheme 6 to API
2025-11-27 06:52:24,453 [INFO] [Smart Schemes API] HTTP 200 for 6: {"successful":true,"status_msg":"","id":"716002","objectCode":null,"updated_rows":0,"error_type":"","errorCode":0,"statusCode":"2000","statusCodeType":"SUCCESSFUL","statusCodeMsg":"successful"}
2025-11-27 06:52:24,454 [INFO] [fetch_new_schemes] Successfully synced scheme 6
2025-11-27 06:52:24,456 [INFO] [fetch_new_schemes] Pushing scheme 6 to Smart API
2025-11-27 06:52:25,002 [INFO] [Smart Token] HTTP 200: {"access_token":"eyJhbGciOiJIUzM4NCJ9.eyJzdWIiOiI5MSIsImlhdCI6MTc2NDIxOTU4MiwiZXhwIjoxNzY0MjI2ODAyLCJ1c2VySWQiOjkxLCJzY29wZSI6IlJFQURfV1JJVEUiLCJ1c2VyIjp7ImlkIjo5MSwidXNlcm5hbWUiOiI4Mzg5MzFiZS0yOTIxLTQ3ZTItYTAwZS0zNTZiODMzZGNlYzkiLCJmaXJzdE5hbWUiOiJNQURJU09OIEdFTkVSQUwgSU5TVVJBTkNFIEtFTllBIExJTUlURUQiLCJsYXN0TmFtZSI6bnVsbCwiZW1haWwiOm51bGwsInBob25lTnVtYmVyIjpudWxsLCJnZW5kZXIiOm51bGwsImRvYiI6bnVsbCwiY291bnRyeUNvZGUiOiJLRSIsImRldmljZU51bWJlciI6MTc1MDMyMDQ1MjI4MSwidXNlclN0YXR1cyI6bnVsbCwiZmlyZWJhc2VUb2tlbiI6bnVsbCwiaXNNb2JpbGVQcm9maWxlIjowLCJpc1dlYlByb2ZpbGUiOjAsInByb2ZpbGVQaWNQaG90byI6bnVsbCwiZGVmYXVsdEFwcElkIjpudWxsLCJkZWZhdWx0QXBwQ29kZSI6bnVsbCwiZGVmYXVsdEFwcE5hbWUiOm51bGwsInVzZXJSb2xlcyI6W119LCJjb3VudHJ5Q29kZSI6IktFIiwiY3VzdElkIjo2MTAwMDkxNCwidXNlckNvdW50cmllcyI6WyJLRSJdfQ.0W-Irvdoki9UN_s3yuH4GF1UtPAg26xwiqU7sjfROGwQIi3CGxh4Rt1iny0oC4Kj","token_type":"bearer","expires_in":22057}
2025-11-27 06:52:25,006 [INFO] [Smart Schemes API] Pushing scheme 6 to API
2025-11-27 06:52:25,312 [INFO] [Smart Schemes API] HTTP 200 for 6: {"successful":true,"status_msg":"","id":"716003","objectCode":null,"updated_rows":0,"error_type":"","errorCode":0,"statusCode":"2000","statusCodeType":"SUCCESSFUL","statusCodeMsg":"successful"}
2025-11-27 06:52:25,317 [INFO] [fetch_new_schemes] Successfully synced scheme 6
2025-11-27 06:52:25,325 [INFO] [fetch_new_schemes] Pushing scheme 6 to Smart API
2025-11-27 06:52:26,589 [INFO] [Smart Token] HTTP 200: {"access_token":"eyJhbGciOiJIUzM4NCJ9.eyJzdWIiOiI5MSIsImlhdCI6MTc2NDIxOTU4MiwiZXhwIjoxNzY0MjI2ODAyLCJ1c2VySWQiOjkxLCJzY29wZSI6IlJFQURfV1JJVEUiLCJ1c2VyIjp7ImlkIjo5MSwidXNlcm5hbWUiOiI4Mzg5MzFiZS0yOTIxLTQ3ZTItYTAwZS0zNTZiODMzZGNlYzkiLCJmaXJzdE5hbWUiOiJNQURJU09OIEdFTkVSQUwgSU5TVVJBTkNFIEtFTllBIExJTUlURUQiLCJsYXN0TmFtZSI6bnVsbCwiZW1haWwiOm51bGwsInBob25lTnVtYmVyIjpudWxsLCJnZW5kZXIiOm51bGwsImRvYiI6bnVsbCwiY291bnRyeUNvZGUiOiJLRSIsImRldmljZU51bWJlciI6MTc1MDMyMDQ1MjI4MSwidXNlclN0YXR1cyI6bnVsbCwiZmlyZWJhc2VUb2tlbiI6bnVsbCwiaXNNb2JpbGVQcm9maWxlIjowLCJpc1dlYlByb2ZpbGUiOjAsInByb2ZpbGVQaWNQaG90byI6bnVsbCwiZGVmYXVsdEFwcElkIjpudWxsLCJkZWZhdWx0QXBwQ29kZSI6bnVsbCwiZGVmYXVsdEFwcE5hbWUiOm51bGwsInVzZXJSb2xlcyI6W119LCJjb3VudHJ5Q29kZSI6IktFIiwiY3VzdElkIjo2MTAwMDkxNCwidXNlckNvdW50cmllcyI6WyJLRSJdfQ.0W-Irvdoki9UN_s3yuH4GF1UtPAg26xwiqU7sjfROGwQIi3CGxh4Rt1iny0oC4Kj","token_type":"bearer","expires_in":22056}
2025-11-27 06:52:26,594 [INFO] [Smart Schemes API] Pushing scheme 6 to API
2025-11-27 06:52:27,147 [INFO] [Smart Schemes API] HTTP 200 for 6: {"successful":true,"status_msg":"","id":"716004","objectCode":null,"updated_rows":0,"error_type":"","errorCode":0,"statusCode":"2000","statusCodeType":"SUCCESSFUL","statusCodeMsg":"successful"}
2025-11-27 06:52:27,151 [INFO] [fetch_new_schemes] Successfully synced scheme 6
2025-11-27 06:52:27,156 [INFO] [fetch_new_schemes] Pushing scheme 6 to Smart API
2025-11-27 06:52:29,279 [INFO] [Smart Token] HTTP 200: {"access_token":"eyJhbGciOiJIUzM4NCJ9.eyJzdWIiOiI5MSIsImlhdCI6MTc2NDIxOTU4MiwiZXhwIjoxNzY0MjI2ODAyLCJ1c2VySWQiOjkxLCJzY29wZSI6IlJFQURfV1JJVEUiLCJ1c2VyIjp7ImlkIjo5MSwidXNlcm5hbWUiOiI4Mzg5MzFiZS0yOTIxLTQ3ZTItYTAwZS0zNTZiODMzZGNlYzkiLCJmaXJzdE5hbWUiOiJNQURJU09OIEdFTkVSQUwgSU5TVVJBTkNFIEtFTllBIExJTUlURUQiLCJsYXN0TmFtZSI6bnVsbCwiZW1haWwiOm51bGwsInBob25lTnVtYmVyIjpudWxsLCJnZW5kZXIiOm51bGwsImRvYiI6bnVsbCwiY291bnRyeUNvZGUiOiJLRSIsImRldmljZU51bWJlciI6MTc1MDMyMDQ1MjI4MSwidXNlclN0YXR1cyI6bnVsbCwiZmlyZWJhc2VUb2tlbiI6bnVsbCwiaXNNb2JpbGVQcm9maWxlIjowLCJpc1dlYlByb2ZpbGUiOjAsInByb2ZpbGVQaWNQaG90byI6bnVsbCwiZGVmYXVsdEFwcElkIjpudWxsLCJkZWZhdWx0QXBwQ29kZSI6bnVsbCwiZGVmYXVsdEFwcE5hbWUiOm51bGwsInVzZXJSb2xlcyI6W119LCJjb3VudHJ5Q29kZSI6IktFIiwiY3VzdElkIjo2MTAwMDkxNCwidXNlckNvdW50cmllcyI6WyJLRSJdfQ.0W-Irvdoki9UN_s3yuH4GF1UtPAg26xwiqU7sjfROGwQIi3CGxh4Rt1iny0oC4Kj","token_type":"bearer","expires_in":22053}
2025-11-27 06:52:29,284 [INFO] [Smart Schemes API] Pushing scheme 6 to API
2025-11-27 06:52:29,600 [INFO] [Smart Schemes API] HTTP 200 for 6: {"successful":true,"status_msg":"","id":"716005","objectCode":null,"updated_rows":0,"error_type":"","errorCode":0,"statusCode":"2000","statusCodeType":"SUCCESSFUL","statusCodeMsg":"successful"}
2025-11-27 06:52:29,606 [INFO] [fetch_new_schemes] Successfully synced scheme 6
2025-11-27 06:52:29,616 [INFO] [fetch_new_schemes] Pushing scheme 6 to Smart API
2025-11-27 06:52:30,512 [INFO] [Smart Token] HTTP 200: {"access_token":"eyJhbGciOiJIUzM4NCJ9.eyJzdWIiOiI5MSIsImlhdCI6MTc2NDIxOTU4MiwiZXhwIjoxNzY0MjI2ODAyLCJ1c2VySWQiOjkxLCJzY29wZSI6IlJFQURfV1JJVEUiLCJ1c2VyIjp7ImlkIjo5MSwidXNlcm5hbWUiOiI4Mzg5MzFiZS0yOTIxLTQ3ZTItYTAwZS0zNTZiODMzZGNlYzkiLCJmaXJzdE5hbWUiOiJNQURJU09OIEdFTkVSQUwgSU5TVVJBTkNFIEtFTllBIExJTUlURUQiLCJsYXN0TmFtZSI6bnVsbCwiZW1haWwiOm51bGwsInBob25lTnVtYmVyIjpudWxsLCJnZW5kZXIiOm51bGwsImRvYiI6bnVsbCwiY291bnRyeUNvZGUiOiJLRSIsImRldmljZU51bWJlciI6MTc1MDMyMDQ1MjI4MSwidXNlclN0YXR1cyI6bnVsbCwiZmlyZWJhc2VUb2tlbiI6bnVsbCwiaXNNb2JpbGVQcm9maWxlIjowLCJpc1dlYlByb2ZpbGUiOjAsInByb2ZpbGVQaWNQaG90byI6bnVsbCwiZGVmYXVsdEFwcElkIjpudWxsLCJkZWZhdWx0QXBwQ29kZSI6bnVsbCwiZGVmYXVsdEFwcE5hbWUiOm51bGwsInVzZXJSb2xlcyI6W119LCJjb3VudHJ5Q29kZSI6IktFIiwiY3VzdElkIjo2MTAwMDkxNCwidXNlckNvdW50cmllcyI6WyJLRSJdfQ.0W-Irvdoki9UN_s3yuH4GF1UtPAg26xwiqU7sjfROGwQIi3CGxh4Rt1iny0oC4Kj","token_type":"bearer","expires_in":22052}
2025-11-27 06:52:30,518 [INFO] [Smart Schemes API] Pushing scheme 6 to API
2025-11-27 06:52:30,901 [INFO] [Smart Schemes API] HTTP 200 for 6: {"successful":true,"status_msg":"","id":"716006","objectCode":null,"updated_rows":0,"error_type":"","errorCode":0,"statusCode":"2000","statusCodeType":"SUCCESSFUL","statusCodeMsg":"successful"}
2025-11-27 06:52:30,908 [INFO] [fetch_new_schemes] Successfully synced scheme 6
2025-11-27 06:52:36,457 [INFO] [fetch_new_schemes] Process completed: 13 staged, 13 synced to API
2025-11-27 08:51:31,202 [WARNING] Not Found: /
2025-11-27 08:57:02,595 [INFO] /home/samuel/workspace/healthcare_hub/smart/schemes.py changed, reloading.
2025-11-27 09:36:47,321 [WARNING] Not Found: /
2025-11-27 09:36:54,689 [WARNING] Not Found: /smart/
2025-11-27 09:37:06,274 [ERROR] Internal Server Error: /smart/api/fetch-corp-groups/
2025-11-27 09:38:07,789 [INFO] /home/samuel/workspace/healthcare_hub/smart/categories.py changed, reloading.
2025-11-27 09:39:44,163 [INFO] /home/samuel/workspace/healthcare_hub/smart/categories.py changed, reloading.
2025-11-27 09:39:53,282 [ERROR] Internal Server Error: /smart/api/fetch-corp-groups/
2025-11-27 09:40:11,313 [ERROR] Internal Server Error: /smart/api/fetch-corp-groups/
2025-11-27 09:42:08,842 [INFO] /home/samuel/workspace/healthcare_hub/smart/categories.py changed, reloading.
2025-11-27 09:42:17,550 [ERROR] Internal Server Error: /smart/api/fetch-corp-groups/
Traceback (most recent call last):
  File "/home/samuel/workspace/venv/lib/python3.13/site-packages/django/core/handlers/exception.py", line 55, in inner
    response = get_response(request)
  File "/home/samuel/workspace/venv/lib/python3.13/site-packages/django/core/handlers/base.py", line 197, in _get_response
    response = wrapped_callback(request, *callback_args, **callback_kwargs)
  File "/home/samuel/workspace/venv/lib/python3.13/site-packages/django/views/decorators/csrf.py", line 65, in _view_wrapper
    return view_func(request, *args, **kwargs)
  File "/home/samuel/workspace/healthcare_hub/smart/categories.py", line 42, in fetch_unsynced_corp_groups
    data = [dict(zip(columns, row)) for row in rows]
                                               ^^^^
UnboundLocalError: cannot access local variable 'rows' where it is not associated with a value
2025-11-27 09:42:53,585 [INFO] /home/samuel/workspace/healthcare_hub/smart/categories.py changed, reloading.
2025-11-27 09:42:59,100 [ERROR] Internal Server Error: /smart/api/fetch-corp-groups/
2025-11-27 09:44:25,675 [INFO] /home/samuel/workspace/healthcare_hub/smart/categories.py changed, reloading.
2025-11-27 09:46:03,034 [INFO] /home/samuel/workspace/healthcare_hub/smart/categories.py changed, reloading.
2025-11-27 09:47:25,790 [INFO] /home/samuel/workspace/healthcare_hub/smart/categories.py changed, reloading.
2025-11-27 10:01:04,636 [INFO] /home/samuel/workspace/healthcare_hub/smart/categories.py changed, reloading.
2025-11-27 10:01:25,897 [INFO] /home/samuel/workspace/healthcare_hub/smart/categories.py changed, reloading.
2025-11-27 10:03:01,675 [INFO] /home/samuel/workspace/healthcare_hub/smart/categories.py changed, reloading.
2025-11-27 10:03:07,779 [ERROR] Internal Server Error: /smart/api/fetch-corp-groups/
2025-11-27 10:54:50,650 [INFO] /home/samuel/workspace/healthcare_hub/smart/categories.py changed, reloading.
2025-11-27 10:55:24,499 [INFO] /home/samuel/workspace/healthcare_hub/smart/categories.py changed, reloading.
2025-11-27 10:55:28,874 [ERROR] Internal Server Error: /smart/api/fetch-corp-groups/
2025-11-27 10:55:40,760 [INFO] /home/samuel/workspace/healthcare_hub/smart/categories.py changed, reloading.
2025-11-27 10:58:57,761 [INFO] /home/samuel/workspace/healthcare_hub/smart/categories.py changed, reloading.
2025-11-27 10:59:02,759 [ERROR] Internal Server Error: /smart/api/fetch-corp-groups/
2025-11-27 10:59:15,311 [INFO] /home/samuel/workspace/healthcare_hub/smart/categories.py changed, reloading.
2025-11-27 11:04:01,111 [INFO] /home/samuel/workspace/healthcare_hub/smart/categories.py changed, reloading.
2025-11-27 11:15:30,538 [INFO] /home/samuel/workspace/healthcare_hub/smart/models.py changed, reloading.
2025-11-27 11:15:40,485 [INFO] /home/samuel/workspace/healthcare_hub/smart/models.py changed, reloading.
2025-11-27 11:16:20,372 [INFO] /home/samuel/workspace/healthcare_hub/smart/models.py changed, reloading.
2025-11-27 11:21:04,098 [INFO] /home/samuel/workspace/healthcare_hub/smart/categories.py changed, reloading.
2025-11-27 11:21:30,569 [INFO] /home/samuel/workspace/healthcare_hub/smart/categories.py changed, reloading.
2025-11-27 11:24:22,560 [INFO] /home/samuel/workspace/healthcare_hub/smart/categories.py changed, reloading.
2025-11-27 11:24:30,909 [ERROR] Internal Server Error: /smart/api/fetch-corp-groups/
Traceback (most recent call last):
  File "/home/samuel/workspace/venv/lib/python3.13/site-packages/django/core/handlers/exception.py", line 55, in inner
    response = get_response(request)
  File "/home/samuel/workspace/venv/lib/python3.13/site-packages/django/core/handlers/base.py", line 197, in _get_response
    response = wrapped_callback(request, *callback_args, **callback_kwargs)
  File "/home/samuel/workspace/venv/lib/python3.13/site-packages/django/views/decorators/csrf.py", line 65, in _view_wrapper
    return view_func(request, *args, **kwargs)
  File "/home/samuel/workspace/healthcare_hub/smart/categories.py", line 35, in fetch_unsynced_corp_groups
    columns = [col[0] for col in cursor.description]
                                 ^^^^^^^^^^^^^^^^^^
  File "/home/samuel/workspace/venv/lib/python3.13/site-packages/django/db/backends/utils.py", line 31, in __getattr__
    cursor_attr = getattr(self.cursor, attr)
  File "/home/samuel/workspace/venv/lib/python3.13/site-packages/mssql/base.py", line 732, in __getattr__
    return getattr(self.cursor, attr)
AttributeError: 'pyodbc.Cursor' object has no attribute 'description'
2025-11-27 11:24:59,411 [INFO] /home/samuel/workspace/healthcare_hub/smart/categories.py changed, reloading.
2025-11-27 11:25:04,935 [ERROR] Internal Server Error: /smart/api/fetch-corp-groups/
Traceback (most recent call last):
  File "/home/samuel/workspace/venv/lib/python3.13/site-packages/django/core/handlers/exception.py", line 55, in inner
    response = get_response(request)
  File "/home/samuel/workspace/venv/lib/python3.13/site-packages/django/core/handlers/base.py", line 197, in _get_response
    response = wrapped_callback(request, *callback_args, **callback_kwargs)
  File "/home/samuel/workspace/venv/lib/python3.13/site-packages/django/views/decorators/csrf.py", line 65, in _view_wrapper
    return view_func(request, *args, **kwargs)
  File "/home/samuel/workspace/healthcare_hub/smart/categories.py", line 35, in fetch_unsynced_corp_groups
    columns = [col[0] for col in cursor.description]
                                 ^^^^^^^^^^^^^^^^^^
  File "/home/samuel/workspace/venv/lib/python3.13/site-packages/django/db/backends/utils.py", line 31, in __getattr__
    cursor_attr = getattr(self.cursor, attr)
  File "/home/samuel/workspace/venv/lib/python3.13/site-packages/mssql/base.py", line 732, in __getattr__
    return getattr(self.cursor, attr)
AttributeError: 'pyodbc.Cursor' object has no attribute 'description'
2025-11-27 11:25:08,799 [ERROR] Internal Server Error: /smart/api/fetch-corp-groups/
Traceback (most recent call last):
  File "/home/samuel/workspace/venv/lib/python3.13/site-packages/django/core/handlers/exception.py", line 55, in inner
    response = get_response(request)
  File "/home/samuel/workspace/venv/lib/python3.13/site-packages/django/core/handlers/base.py", line 197, in _get_response
    response = wrapped_callback(request, *callback_args, **callback_kwargs)
  File "/home/samuel/workspace/venv/lib/python3.13/site-packages/django/views/decorators/csrf.py", line 65, in _view_wrapper
    return view_func(request, *args, **kwargs)
  File "/home/samuel/workspace/healthcare_hub/smart/categories.py", line 35, in fetch_unsynced_corp_groups
    columns = [col[0] for col in cursor.description]
                                 ^^^^^^^^^^^^^^^^^^
  File "/home/samuel/workspace/venv/lib/python3.13/site-packages/django/db/backends/utils.py", line 31, in __getattr__
    cursor_attr = getattr(self.cursor, attr)
  File "/home/samuel/workspace/venv/lib/python3.13/site-packages/mssql/base.py", line 732, in __getattr__
    return getattr(self.cursor, attr)
AttributeError: 'pyodbc.Cursor' object has no attribute 'description'
2025-11-27 11:26:57,337 [INFO] /home/samuel/workspace/healthcare_hub/smart/categories.py changed, reloading.
2025-11-27 11:40:21,019 [INFO] /home/samuel/workspace/healthcare_hub/smart/categories.py changed, reloading.
2025-11-27 11:40:43,360 [INFO] /home/samuel/workspace/healthcare_hub/smart/categories.py changed, reloading.
2025-11-27 11:41:08,728 [INFO] /home/samuel/workspace/healthcare_hub/smart/models.py changed, reloading.
2025-11-27 11:41:58,559 [INFO] /home/samuel/workspace/healthcare_hub/smart/admin.py changed, reloading.
2025-11-27 11:42:20,866 [INFO] /home/samuel/workspace/healthcare_hub/smart/admin.py changed, reloading.
2025-11-27 11:42:25,620 [INFO] /home/samuel/workspace/healthcare_hub/smart/models.py changed, reloading.
2025-11-27 11:42:40,642 [INFO] /home/samuel/workspace/healthcare_hub/smart/models.py changed, reloading.
2025-11-27 11:42:59,672 [INFO] /home/samuel/workspace/healthcare_hub/smart/admin.py changed, reloading.
2025-11-27 11:43:04,467 [INFO] /home/samuel/workspace/healthcare_hub/smart/admin.py changed, reloading.
2025-11-27 11:45:39,124 [INFO] /home/samuel/workspace/healthcare_hub/smart/categories.py changed, reloading.
2025-11-27 11:50:03,367 [INFO] /home/samuel/workspace/healthcare_hub/smart/categories.py changed, reloading.
2025-11-27 11:55:36,290 [INFO] /home/samuel/workspace/healthcare_hub/smart/categories.py changed, reloading.
2025-11-27 11:56:23,323 [INFO] /home/samuel/workspace/healthcare_hub/smart/categories.py changed, reloading.
2025-11-27 12:18:54,009 [INFO] /home/samuel/workspace/healthcare_hub/healthcare_hub/celery.py changed, reloading.
2025-11-27 12:18:58,573 [INFO] /home/samuel/workspace/healthcare_hub/healthcare_hub/celery.py changed, reloading.
2025-11-27 12:28:46,584 [ERROR] Signal handler <bound method DjangoFixup.on_import_modules of <celery.fixups.django.DjangoFixup object at 0x744eff5c12b0>> raised: AppRegistryNotReady("Apps aren't loaded yet.")
Traceback (most recent call last):
  File "/home/samuel/workspace/venv/lib/python3.13/site-packages/celery/utils/dispatch/signal.py", line 280, in send
    response = receiver(signal=self, sender=sender, **named)
  File "/home/samuel/workspace/venv/lib/python3.13/site-packages/celery/fixups/django.py", line 101, in on_import_modules
    self.worker_fixup.validate_models()
    ~~~~~~~~~~~~~~~~~~~~~~~~~~~~~~~~~^^
  File "/home/samuel/workspace/venv/lib/python3.13/site-packages/celery/fixups/django.py", line 139, in validate_models
    self.django_setup()
    ~~~~~~~~~~~~~~~~~^^
  File "/home/samuel/workspace/venv/lib/python3.13/site-packages/celery/fixups/django.py", line 135, in django_setup
    django.setup()
    ~~~~~~~~~~~~^^
  File "/home/samuel/workspace/venv/lib/python3.13/site-packages/django/__init__.py", line 24, in setup
    apps.populate(settings.INSTALLED_APPS)
    ~~~~~~~~~~~~~^^^^^^^^^^^^^^^^^^^^^^^^^
  File "/home/samuel/workspace/venv/lib/python3.13/site-packages/django/apps/registry.py", line 91, in populate
    app_config = AppConfig.create(entry)
  File "/home/samuel/workspace/venv/lib/python3.13/site-packages/django/apps/config.py", line 193, in create
    import_module(entry)
    ~~~~~~~~~~~~~^^^^^^^
  File "/usr/lib/python3.13/importlib/__init__.py", line 88, in import_module
    return _bootstrap._gcd_import(name[level:], package, level)
           ~~~~~~~~~~~~~~~~~~~~~~^^^^^^^^^^^^^^^^^^^^^^^^^^^^^^
  File "<frozen importlib._bootstrap>", line 1387, in _gcd_import
  File "<frozen importlib._bootstrap>", line 1360, in _find_and_load
  File "<frozen importlib._bootstrap>", line 1331, in _find_and_load_unlocked
  File "<frozen importlib._bootstrap>", line 935, in _load_unlocked
  File "<frozen importlib._bootstrap_external>", line 1026, in exec_module
  File "<frozen importlib._bootstrap>", line 488, in _call_with_frames_removed
  File "/home/samuel/workspace/healthcare_hub/smart/__init__.py", line 2, in <module>
    from . import sync
  File "/home/samuel/workspace/healthcare_hub/smart/sync.py", line 10, in <module>
    from .models import BenefitCategory
  File "/home/samuel/workspace/healthcare_hub/smart/models.py", line 7, in <module>
    class Corporate(models.Model):
    ...<20 lines>...
            return f"{self.companyName} ({self.clnCode})"
  File "/home/samuel/workspace/venv/lib/python3.13/site-packages/django/db/models/base.py", line 131, in __new__
    app_config = apps.get_containing_app_config(module)
  File "/home/samuel/workspace/venv/lib/python3.13/site-packages/django/apps/registry.py", line 260, in get_containing_app_config
    self.check_apps_ready()
    ~~~~~~~~~~~~~~~~~~~~~^^
  File "/home/samuel/workspace/venv/lib/python3.13/site-packages/django/apps/registry.py", line 138, in check_apps_ready
    raise AppRegistryNotReady("Apps aren't loaded yet.")
django.core.exceptions.AppRegistryNotReady: Apps aren't loaded yet.
2025-11-27 12:28:46,593 [ERROR] Signal handler <promise@0x744eff5aa030 --> <bound method Celery._autodiscover_tasks of <Celery healthcare_hub at 0x744eff5c0980>>> raised: AppRegistryNotReady("Apps aren't loaded yet.")
Traceback (most recent call last):
  File "/home/samuel/workspace/venv/lib/python3.13/site-packages/celery/utils/dispatch/signal.py", line 280, in send
    response = receiver(signal=self, sender=sender, **named)
  File "/home/samuel/workspace/venv/lib/python3.13/site-packages/vine/promises.py", line 161, in __call__
    return self.throw()
           ~~~~~~~~~~^^
  File "/home/samuel/workspace/venv/lib/python3.13/site-packages/vine/promises.py", line 158, in __call__
    retval = fun(*final_args, **final_kwargs)
  File "/home/samuel/workspace/venv/lib/python3.13/site-packages/celery/app/base.py", line 788, in _autodiscover_tasks
    return self._autodiscover_tasks_from_fixups(related_name)
           ~~~~~~~~~~~~~~~~~~~~~~~~~~~~~~~~~~~~^^^^^^^^^^^^^^
  File "/home/samuel/workspace/venv/lib/python3.13/site-packages/celery/app/base.py", line 800, in _autodiscover_tasks_from_fixups
    for pkg in fixup.autodiscover_tasks()
               ~~~~~~~~~~~~~~~~~~~~~~~~^^
  File "/home/samuel/workspace/venv/lib/python3.13/site-packages/celery/fixups/django.py", line 111, in autodiscover_tasks
    return [config.name for config in apps.get_app_configs()]
                                      ~~~~~~~~~~~~~~~~~~~~^^
  File "/home/samuel/workspace/venv/lib/python3.13/site-packages/django/apps/registry.py", line 147, in get_app_configs
    self.check_apps_ready()
    ~~~~~~~~~~~~~~~~~~~~~^^
  File "/home/samuel/workspace/venv/lib/python3.13/site-packages/django/apps/registry.py", line 138, in check_apps_ready
    raise AppRegistryNotReady("Apps aren't loaded yet.")
django.core.exceptions.AppRegistryNotReady: Apps aren't loaded yet.
2025-11-27 12:28:58,428 [ERROR] Signal handler <bound method DjangoFixup.on_import_modules of <celery.fixups.django.DjangoFixup object at 0x71c958db92b0>> raised: AppRegistryNotReady("Apps aren't loaded yet.")
Traceback (most recent call last):
  File "/home/samuel/workspace/venv/lib/python3.13/site-packages/celery/utils/dispatch/signal.py", line 280, in send
    response = receiver(signal=self, sender=sender, **named)
  File "/home/samuel/workspace/venv/lib/python3.13/site-packages/celery/fixups/django.py", line 101, in on_import_modules
    self.worker_fixup.validate_models()
    ~~~~~~~~~~~~~~~~~~~~~~~~~~~~~~~~~^^
  File "/home/samuel/workspace/venv/lib/python3.13/site-packages/celery/fixups/django.py", line 139, in validate_models
    self.django_setup()
    ~~~~~~~~~~~~~~~~~^^
  File "/home/samuel/workspace/venv/lib/python3.13/site-packages/celery/fixups/django.py", line 135, in django_setup
    django.setup()
    ~~~~~~~~~~~~^^
  File "/home/samuel/workspace/venv/lib/python3.13/site-packages/django/__init__.py", line 24, in setup
    apps.populate(settings.INSTALLED_APPS)
    ~~~~~~~~~~~~~^^^^^^^^^^^^^^^^^^^^^^^^^
  File "/home/samuel/workspace/venv/lib/python3.13/site-packages/django/apps/registry.py", line 91, in populate
    app_config = AppConfig.create(entry)
  File "/home/samuel/workspace/venv/lib/python3.13/site-packages/django/apps/config.py", line 193, in create
    import_module(entry)
    ~~~~~~~~~~~~~^^^^^^^
  File "/usr/lib/python3.13/importlib/__init__.py", line 88, in import_module
    return _bootstrap._gcd_import(name[level:], package, level)
           ~~~~~~~~~~~~~~~~~~~~~~^^^^^^^^^^^^^^^^^^^^^^^^^^^^^^
  File "<frozen importlib._bootstrap>", line 1387, in _gcd_import
  File "<frozen importlib._bootstrap>", line 1360, in _find_and_load
  File "<frozen importlib._bootstrap>", line 1331, in _find_and_load_unlocked
  File "<frozen importlib._bootstrap>", line 935, in _load_unlocked
  File "<frozen importlib._bootstrap_external>", line 1026, in exec_module
  File "<frozen importlib._bootstrap>", line 488, in _call_with_frames_removed
  File "/home/samuel/workspace/healthcare_hub/smart/__init__.py", line 2, in <module>
    from . import sync
  File "/home/samuel/workspace/healthcare_hub/smart/sync.py", line 10, in <module>
    from .models import BenefitCategory
  File "/home/samuel/workspace/healthcare_hub/smart/models.py", line 7, in <module>
    class Corporate(models.Model):
    ...<20 lines>...
            return f"{self.companyName} ({self.clnCode})"
  File "/home/samuel/workspace/venv/lib/python3.13/site-packages/django/db/models/base.py", line 131, in __new__
    app_config = apps.get_containing_app_config(module)
  File "/home/samuel/workspace/venv/lib/python3.13/site-packages/django/apps/registry.py", line 260, in get_containing_app_config
    self.check_apps_ready()
    ~~~~~~~~~~~~~~~~~~~~~^^
  File "/home/samuel/workspace/venv/lib/python3.13/site-packages/django/apps/registry.py", line 138, in check_apps_ready
    raise AppRegistryNotReady("Apps aren't loaded yet.")
django.core.exceptions.AppRegistryNotReady: Apps aren't loaded yet.
2025-11-27 12:28:58,433 [ERROR] Signal handler <promise@0x71c958da6030 --> <bound method Celery._autodiscover_tasks of <Celery healthcare_hub at 0x71c958db8980>>> raised: AppRegistryNotReady("Apps aren't loaded yet.")
Traceback (most recent call last):
  File "/home/samuel/workspace/venv/lib/python3.13/site-packages/celery/utils/dispatch/signal.py", line 280, in send
    response = receiver(signal=self, sender=sender, **named)
  File "/home/samuel/workspace/venv/lib/python3.13/site-packages/vine/promises.py", line 161, in __call__
    return self.throw()
           ~~~~~~~~~~^^
  File "/home/samuel/workspace/venv/lib/python3.13/site-packages/vine/promises.py", line 158, in __call__
    retval = fun(*final_args, **final_kwargs)
  File "/home/samuel/workspace/venv/lib/python3.13/site-packages/celery/app/base.py", line 788, in _autodiscover_tasks
    return self._autodiscover_tasks_from_fixups(related_name)
           ~~~~~~~~~~~~~~~~~~~~~~~~~~~~~~~~~~~~^^^^^^^^^^^^^^
  File "/home/samuel/workspace/venv/lib/python3.13/site-packages/celery/app/base.py", line 800, in _autodiscover_tasks_from_fixups
    for pkg in fixup.autodiscover_tasks()
               ~~~~~~~~~~~~~~~~~~~~~~~~^^
  File "/home/samuel/workspace/venv/lib/python3.13/site-packages/celery/fixups/django.py", line 111, in autodiscover_tasks
    return [config.name for config in apps.get_app_configs()]
                                      ~~~~~~~~~~~~~~~~~~~~^^
  File "/home/samuel/workspace/venv/lib/python3.13/site-packages/django/apps/registry.py", line 147, in get_app_configs
    self.check_apps_ready()
    ~~~~~~~~~~~~~~~~~~~~~^^
  File "/home/samuel/workspace/venv/lib/python3.13/site-packages/django/apps/registry.py", line 138, in check_apps_ready
    raise AppRegistryNotReady("Apps aren't loaded yet.")
django.core.exceptions.AppRegistryNotReady: Apps aren't loaded yet.
2025-11-27 12:32:20,424 [ERROR] Signal handler <bound method DjangoFixup.on_import_modules of <celery.fixups.django.DjangoFixup object at 0x7236521b92b0>> raised: ImportError("cannot import name 'fetch_unsynced_corp_groups' from 'smart.categories' (/home/samuel/workspace/healthcare_hub/smart/categories.py)")
Traceback (most recent call last):
  File "/home/samuel/workspace/venv/lib/python3.13/site-packages/celery/utils/dispatch/signal.py", line 280, in send
    response = receiver(signal=self, sender=sender, **named)
  File "/home/samuel/workspace/venv/lib/python3.13/site-packages/celery/fixups/django.py", line 101, in on_import_modules
    self.worker_fixup.validate_models()
    ~~~~~~~~~~~~~~~~~~~~~~~~~~~~~~~~~^^
  File "/home/samuel/workspace/venv/lib/python3.13/site-packages/celery/fixups/django.py", line 141, in validate_models
    run_checks()
    ~~~~~~~~~~^^
  File "/home/samuel/workspace/venv/lib/python3.13/site-packages/django/core/checks/registry.py", line 89, in run_checks
    new_errors = check(app_configs=app_configs, databases=databases)
  File "/home/samuel/workspace/venv/lib/python3.13/site-packages/django/core/checks/urls.py", line 44, in check_url_namespaces_unique
    all_namespaces = _load_all_namespaces(resolver)
  File "/home/samuel/workspace/venv/lib/python3.13/site-packages/django/core/checks/urls.py", line 63, in _load_all_namespaces
    url_patterns = getattr(resolver, "url_patterns", [])
  File "/home/samuel/workspace/venv/lib/python3.13/site-packages/django/utils/functional.py", line 47, in __get__
    res = instance.__dict__[self.name] = self.func(instance)
                                         ~~~~~~~~~^^^^^^^^^^
  File "/home/samuel/workspace/venv/lib/python3.13/site-packages/django/urls/resolvers.py", line 718, in url_patterns
    patterns = getattr(self.urlconf_module, "urlpatterns", self.urlconf_module)
                       ^^^^^^^^^^^^^^^^^^^
  File "/home/samuel/workspace/venv/lib/python3.13/site-packages/django/utils/functional.py", line 47, in __get__
    res = instance.__dict__[self.name] = self.func(instance)
                                         ~~~~~~~~~^^^^^^^^^^
  File "/home/samuel/workspace/venv/lib/python3.13/site-packages/django/urls/resolvers.py", line 711, in urlconf_module
    return import_module(self.urlconf_name)
  File "/usr/lib/python3.13/importlib/__init__.py", line 88, in import_module
    return _bootstrap._gcd_import(name[level:], package, level)
           ~~~~~~~~~~~~~~~~~~~~~~^^^^^^^^^^^^^^^^^^^^^^^^^^^^^^
  File "<frozen importlib._bootstrap>", line 1387, in _gcd_import
  File "<frozen importlib._bootstrap>", line 1360, in _find_and_load
  File "<frozen importlib._bootstrap>", line 1331, in _find_and_load_unlocked
  File "<frozen importlib._bootstrap>", line 935, in _load_unlocked
  File "<frozen importlib._bootstrap_external>", line 1026, in exec_module
  File "<frozen importlib._bootstrap>", line 488, in _call_with_frames_removed
  File "/home/samuel/workspace/healthcare_hub/healthcare_hub/urls.py", line 23, in <module>
    path('smart/', include('smart.urls')),
                   ~~~~~~~^^^^^^^^^^^^^^
  File "/home/samuel/workspace/venv/lib/python3.13/site-packages/django/urls/conf.py", line 39, in include
    urlconf_module = import_module(urlconf_module)
  File "/usr/lib/python3.13/importlib/__init__.py", line 88, in import_module
    return _bootstrap._gcd_import(name[level:], package, level)
           ~~~~~~~~~~~~~~~~~~~~~~^^^^^^^^^^^^^^^^^^^^^^^^^^^^^^
  File "<frozen importlib._bootstrap>", line 1387, in _gcd_import
  File "<frozen importlib._bootstrap>", line 1360, in _find_and_load
  File "<frozen importlib._bootstrap>", line 1331, in _find_and_load_unlocked
  File "<frozen importlib._bootstrap>", line 935, in _load_unlocked
  File "<frozen importlib._bootstrap_external>", line 1026, in exec_module
  File "<frozen importlib._bootstrap>", line 488, in _call_with_frames_removed
  File "/home/samuel/workspace/healthcare_hub/smart/urls.py", line 4, in <module>
    from smart.categories import fetch_unsynced_corp_groups
ImportError: cannot import name 'fetch_unsynced_corp_groups' from 'smart.categories' (/home/samuel/workspace/healthcare_hub/smart/categories.py)
2025-11-27 12:34:07,919 [INFO] /home/samuel/workspace/healthcare_hub/smart/urls.py changed, reloading.
2025-11-27 12:34:55,206 [INFO] /home/samuel/workspace/healthcare_hub/smart/urls.py changed, reloading.
2025-11-27 12:40:32,434 [ERROR] Internal Server Error: /smart/api/fetch-corp-groups/
Traceback (most recent call last):
  File "/home/samuel/workspace/venv/lib/python3.13/site-packages/django/core/handlers/exception.py", line 55, in inner
    response = get_response(request)
  File "/home/samuel/workspace/venv/lib/python3.13/site-packages/django/core/handlers/base.py", line 197, in _get_response
    response = wrapped_callback(request, *callback_args, **callback_kwargs)
  File "/home/samuel/workspace/venv/lib/python3.13/site-packages/django/views/decorators/csrf.py", line 65, in _view_wrapper
    return view_func(request, *args, **kwargs)
  File "/home/samuel/workspace/healthcare_hub/smart/categories.py", line 41, in fetch_unsynced_corp_groups
    BenefitCategory.objects.update_or_create(
    ~~~~~~~~~~~~~~~~~~~~~~~~~~~~~~~~~~~~~~~~^
        clnPolCode=x["policy_no"],   # lookup field
        ^^^^^^^^^^^^^^^^^^^^^^^^^^^^^^^^^^^^^^^^^^^
    ...<7 lines>...
    
    
    )
    ^
  File "/home/samuel/workspace/venv/lib/python3.13/site-packages/django/db/models/manager.py", line 87, in manager_method
    return getattr(self.get_queryset(), name)(*args, **kwargs)
           ~~~~~~~~~~~~~~~~~~~~~~~~~~~~~~~~~~^^^^^^^^^^^^^^^^^
  File "/home/samuel/workspace/venv/lib/python3.13/site-packages/django/db/models/query.py", line 990, in update_or_create
    obj, created = self.select_for_update().get_or_create(
                   ~~~~~~~~~~~~~~~~~~~~~~~~~~~~~~~~~~~~~~^
        create_defaults, **kwargs
        ^^^^^^^^^^^^^^^^^^^^^^^^^
    )
    ^
  File "/home/samuel/workspace/venv/lib/python3.13/site-packages/django/db/models/query.py", line 948, in get_or_create
    return self.get(**kwargs), False
           ~~~~~~~~^^^^^^^^^^
  File "/home/samuel/workspace/venv/lib/python3.13/site-packages/django/db/models/query.py", line 638, in get
    raise self.model.MultipleObjectsReturned(
    ...<5 lines>...
    )
smart.models.BenefitCategory.MultipleObjectsReturned: get() returned more than one BenefitCategory -- it returned 18!
2025-11-27 12:41:55,775 [INFO] /home/samuel/workspace/healthcare_hub/smart/categories.py changed, reloading.
2025-11-27 12:42:03,217 [ERROR] Internal Server Error: /smart/api/fetch-corp-groups/
Traceback (most recent call last):
  File "/home/samuel/workspace/venv/lib/python3.13/site-packages/django/core/handlers/exception.py", line 55, in inner
    response = get_response(request)
  File "/home/samuel/workspace/venv/lib/python3.13/site-packages/django/core/handlers/base.py", line 197, in _get_response
    response = wrapped_callback(request, *callback_args, **callback_kwargs)
  File "/home/samuel/workspace/venv/lib/python3.13/site-packages/django/views/decorators/csrf.py", line 65, in _view_wrapper
    return view_func(request, *args, **kwargs)
  File "/home/samuel/workspace/healthcare_hub/smart/categories.py", line 41, in fetch_unsynced_corp_groups
    BenefitCategory.objects.update_or_create(
    ~~~~~~~~~~~~~~~~~~~~~~~~~~~~~~~~~~~~~~~~^
        clnPolCode=x["policy_no"],   # lookup field
        ^^^^^^^^^^^^^^^^^^^^^^^^^^^^^^^^^^^^^^^^^^^
    ...<8 lines>...
    
    
    )
    ^
  File "/home/samuel/workspace/venv/lib/python3.13/site-packages/django/db/models/manager.py", line 87, in manager_method
    return getattr(self.get_queryset(), name)(*args, **kwargs)
           ~~~~~~~~~~~~~~~~~~~~~~~~~~~~~~~~~~^^^^^^^^^^^^^^^^^
  File "/home/samuel/workspace/venv/lib/python3.13/site-packages/django/db/models/query.py", line 990, in update_or_create
    obj, created = self.select_for_update().get_or_create(
                   ~~~~~~~~~~~~~~~~~~~~~~~~~~~~~~~~~~~~~~^
        create_defaults, **kwargs
        ^^^^^^^^^^^^^^^^^^^^^^^^^
    )
    ^
  File "/home/samuel/workspace/venv/lib/python3.13/site-packages/django/db/models/query.py", line 948, in get_or_create
    return self.get(**kwargs), False
           ~~~~~~~~^^^^^^^^^^
  File "/home/samuel/workspace/venv/lib/python3.13/site-packages/django/db/models/query.py", line 638, in get
    raise self.model.MultipleObjectsReturned(
    ...<5 lines>...
    )
smart.models.BenefitCategory.MultipleObjectsReturned: get() returned more than one BenefitCategory -- it returned 18!
2025-11-27 12:42:48,060 [INFO] /home/samuel/workspace/healthcare_hub/smart/categories.py changed, reloading.
2025-11-27 12:43:52,070 [ERROR] The number of GET/POST parameters exceeded settings.DATA_UPLOAD_MAX_NUMBER_FIELDS.
Traceback (most recent call last):
  File "/home/samuel/workspace/venv/lib/python3.13/site-packages/django/http/request.py", line 572, in __init__
    for key, value in parse_qsl(query_string, **parse_qsl_kwargs):
                      ~~~~~~~~~^^^^^^^^^^^^^^^^^^^^^^^^^^^^^^^^^^
  File "/usr/lib/python3.13/urllib/parse.py", line 816, in parse_qsl
    raise ValueError('Max number of fields exceeded')
ValueError: Max number of fields exceeded

The above exception was the direct cause of the following exception:

Traceback (most recent call last):
  File "/home/samuel/workspace/venv/lib/python3.13/site-packages/django/core/handlers/exception.py", line 55, in inner
    response = get_response(request)
  File "/home/samuel/workspace/venv/lib/python3.13/site-packages/django/core/handlers/base.py", line 185, in _get_response
    response = middleware_method(
        request, callback, callback_args, callback_kwargs
    )
  File "/home/samuel/workspace/venv/lib/python3.13/site-packages/django/middleware/csrf.py", line 465, in process_view
    self._check_token(request)
    ~~~~~~~~~~~~~~~~~^^^^^^^^^
  File "/home/samuel/workspace/venv/lib/python3.13/site-packages/django/middleware/csrf.py", line 368, in _check_token
    request_csrf_token = request.POST.get("csrfmiddlewaretoken", "")
                         ^^^^^^^^^^^^
  File "/home/samuel/workspace/venv/lib/python3.13/site-packages/django/core/handlers/wsgi.py", line 93, in _get_post
    self._load_post_and_files()
    ~~~~~~~~~~~~~~~~~~~~~~~~~^^
  File "/home/samuel/workspace/venv/lib/python3.13/site-packages/django/http/request.py", line 442, in _load_post_and_files
    self._post = QueryDict(self.body, encoding="utf-8")
                 ~~~~~~~~~^^^^^^^^^^^^^^^^^^^^^^^^^^^^^
  File "/home/samuel/workspace/venv/lib/python3.13/site-packages/django/http/request.py", line 579, in __init__
    raise TooManyFieldsSent(
    ...<2 lines>...
    ) from e
django.core.exceptions.TooManyFieldsSent: The number of GET/POST parameters exceeded settings.DATA_UPLOAD_MAX_NUMBER_FIELDS.
2025-11-27 12:44:57,009 [ERROR] The number of GET/POST parameters exceeded settings.DATA_UPLOAD_MAX_NUMBER_FIELDS.
Traceback (most recent call last):
  File "/home/samuel/workspace/venv/lib/python3.13/site-packages/django/http/request.py", line 572, in __init__
    for key, value in parse_qsl(query_string, **parse_qsl_kwargs):
                      ~~~~~~~~~^^^^^^^^^^^^^^^^^^^^^^^^^^^^^^^^^^
  File "/usr/lib/python3.13/urllib/parse.py", line 816, in parse_qsl
    raise ValueError('Max number of fields exceeded')
ValueError: Max number of fields exceeded

The above exception was the direct cause of the following exception:

Traceback (most recent call last):
  File "/home/samuel/workspace/venv/lib/python3.13/site-packages/django/core/handlers/exception.py", line 55, in inner
    response = get_response(request)
  File "/home/samuel/workspace/venv/lib/python3.13/site-packages/django/core/handlers/base.py", line 185, in _get_response
    response = middleware_method(
        request, callback, callback_args, callback_kwargs
    )
  File "/home/samuel/workspace/venv/lib/python3.13/site-packages/django/middleware/csrf.py", line 465, in process_view
    self._check_token(request)
    ~~~~~~~~~~~~~~~~~^^^^^^^^^
  File "/home/samuel/workspace/venv/lib/python3.13/site-packages/django/middleware/csrf.py", line 368, in _check_token
    request_csrf_token = request.POST.get("csrfmiddlewaretoken", "")
                         ^^^^^^^^^^^^
  File "/home/samuel/workspace/venv/lib/python3.13/site-packages/django/core/handlers/wsgi.py", line 93, in _get_post
    self._load_post_and_files()
    ~~~~~~~~~~~~~~~~~~~~~~~~~^^
  File "/home/samuel/workspace/venv/lib/python3.13/site-packages/django/http/request.py", line 442, in _load_post_and_files
    self._post = QueryDict(self.body, encoding="utf-8")
                 ~~~~~~~~~^^^^^^^^^^^^^^^^^^^^^^^^^^^^^
  File "/home/samuel/workspace/venv/lib/python3.13/site-packages/django/http/request.py", line 579, in __init__
    raise TooManyFieldsSent(
    ...<2 lines>...
    ) from e
django.core.exceptions.TooManyFieldsSent: The number of GET/POST parameters exceeded settings.DATA_UPLOAD_MAX_NUMBER_FIELDS.
2025-11-27 12:45:39,598 [INFO] /home/samuel/workspace/healthcare_hub/healthcare_hub/settings.py changed, reloading.
2025-11-27 12:46:06,655 [ERROR] The number of GET/POST parameters exceeded settings.DATA_UPLOAD_MAX_NUMBER_FIELDS.
Traceback (most recent call last):
  File "/home/samuel/workspace/venv/lib/python3.13/site-packages/django/http/request.py", line 572, in __init__
    for key, value in parse_qsl(query_string, **parse_qsl_kwargs):
                      ~~~~~~~~~^^^^^^^^^^^^^^^^^^^^^^^^^^^^^^^^^^
  File "/usr/lib/python3.13/urllib/parse.py", line 816, in parse_qsl
    raise ValueError('Max number of fields exceeded')
ValueError: Max number of fields exceeded

The above exception was the direct cause of the following exception:

Traceback (most recent call last):
  File "/home/samuel/workspace/venv/lib/python3.13/site-packages/django/core/handlers/exception.py", line 55, in inner
    response = get_response(request)
  File "/home/samuel/workspace/venv/lib/python3.13/site-packages/django/core/handlers/base.py", line 185, in _get_response
    response = middleware_method(
        request, callback, callback_args, callback_kwargs
    )
  File "/home/samuel/workspace/venv/lib/python3.13/site-packages/django/middleware/csrf.py", line 465, in process_view
    self._check_token(request)
    ~~~~~~~~~~~~~~~~~^^^^^^^^^
  File "/home/samuel/workspace/venv/lib/python3.13/site-packages/django/middleware/csrf.py", line 368, in _check_token
    request_csrf_token = request.POST.get("csrfmiddlewaretoken", "")
                         ^^^^^^^^^^^^
  File "/home/samuel/workspace/venv/lib/python3.13/site-packages/django/core/handlers/wsgi.py", line 93, in _get_post
    self._load_post_and_files()
    ~~~~~~~~~~~~~~~~~~~~~~~~~^^
  File "/home/samuel/workspace/venv/lib/python3.13/site-packages/django/http/request.py", line 442, in _load_post_and_files
    self._post = QueryDict(self.body, encoding="utf-8")
                 ~~~~~~~~~^^^^^^^^^^^^^^^^^^^^^^^^^^^^^
  File "/home/samuel/workspace/venv/lib/python3.13/site-packages/django/http/request.py", line 579, in __init__
    raise TooManyFieldsSent(
    ...<2 lines>...
    ) from e
django.core.exceptions.TooManyFieldsSent: The number of GET/POST parameters exceeded settings.DATA_UPLOAD_MAX_NUMBER_FIELDS.
2025-11-27 12:46:33,739 [INFO] /home/samuel/workspace/healthcare_hub/healthcare_hub/settings.py changed, reloading.
2025-11-27 12:50:54,360 [INFO] /home/samuel/workspace/healthcare_hub/smart/categories.py changed, reloading.
2025-11-27 13:02:04,866 [INFO] /home/samuel/workspace/healthcare_hub/smart/categories.py changed, reloading.
2025-11-27 13:13:17,754 [INFO] /home/samuel/workspace/healthcare_hub/smart/categories.py changed, reloading.
2025-11-27 13:13:43,506 [INFO] /home/samuel/workspace/healthcare_hub/smart/categories.py changed, reloading.
2025-11-27 13:51:28,400 [INFO] /home/samuel/workspace/healthcare_hub/smart/categories.py changed, reloading.
2025-11-27 13:57:08,087 [INFO] /home/samuel/workspace/healthcare_hub/smart/models.py changed, reloading.
2025-11-27 13:57:15,742 [INFO] /home/samuel/workspace/healthcare_hub/smart/models.py changed, reloading.
2025-11-27 14:06:11,891 [INFO] /home/samuel/workspace/healthcare_hub/smart/categories.py changed, reloading.
2025-11-27 14:11:19,013 [INFO] /home/samuel/workspace/healthcare_hub/smart/admin.py changed, reloading.
2025-11-27 14:11:44,418 [INFO] /home/samuel/workspace/healthcare_hub/smart/admin.py changed, reloading.
2025-11-27 14:34:21,623 [INFO] /home/samuel/workspace/healthcare_hub/smart/schemes.py changed, reloading.
2025-11-27 15:39:04,434 [INFO] /home/samuel/workspace/healthcare_hub/smart/schemes.py changed, reloading.
2025-11-27 15:39:15,285 [INFO] /home/samuel/workspace/healthcare_hub/smart/schemes.py changed, reloading.
2025-11-27 15:39:42,560 [INFO] /home/samuel/workspace/healthcare_hub/smart/schemes.py changed, reloading.
2025-11-27 15:45:43,541 [INFO] /home/samuel/workspace/healthcare_hub/smart/categories.py changed, reloading.
2025-11-27 16:42:23,634 [INFO] /home/samuel/workspace/healthcare_hub/smart/categories.py changed, reloading.
2025-11-27 16:43:57,624 [INFO] /home/samuel/workspace/healthcare_hub/smart/categories.py changed, reloading.
2025-11-27 16:48:27,040 [INFO] /home/samuel/workspace/healthcare_hub/smart/models.py changed, reloading.
2025-11-27 16:51:44,989 [INFO] /home/samuel/workspace/healthcare_hub/smart/models.py changed, reloading.
2025-11-27 16:52:38,194 [INFO] /home/samuel/workspace/healthcare_hub/smart/models.py changed, reloading.
2025-11-27 17:29:42,918 [INFO] /home/samuel/workspace/healthcare_hub/smart/categories.py changed, reloading.
2025-11-27 17:29:47,651 [INFO] /home/samuel/workspace/healthcare_hub/smart/categories.py changed, reloading.
2025-12-04 06:53:46,101 [WARNING] Not Found: /
2025-12-04 06:53:46,436 [WARNING] Not Found: /favicon.ico
